gid;place_name;stop_name;lon;lat
de:07334:1714;Wörth;Alte Bahnmeisterei;8.266297;49.048772
de:07334:1721;Maximiliansau;Eisenbahnstraße;8.298412;49.037236
de:07334:1723;Maximiliansau;West;8.291684;49.038968
de:07334:1731;Wörth;Bahnhof;8.273071;49.045687
de:07334:1734;Wörth;Bienwaldhalle;8.260818;49.049790
de:07334:1735;Wörth;Bürgerpark;8.254556;49.050850
de:07334:1736;Wörth;Rathaus;8.249768;49.052316
de:07334:1738;Wörth;Badepark;8.244010;49.058586
de:07334:1739;Wörth;Badallee;8.249876;49.056013
de:07334:1741;Wörth;Zügelstr.;8.261985;49.052899
de:07334:1743;Rheinzabern;Alte Römerstraße;8.273017;49.109390
de:07334:1744;Rheinzabern;Rappengasse;8.273241;49.114606
de:07334:1745;Rülzheim;Freizeitzentrum;8.279350;49.151459
de:07334:1746;Bellheim;Am Mühlbuckel;8.298699;49.193058
de:07334:1747;Germersheim;Süd/Nolte;8.374311;49.208478
de:07334:1748;Germersheim;Mitte/Rhein;8.379215;49.220008
de:07334:1752;Wörth;Ottstraße;8.268247;49.051822
de:07334:1753;Wörth;Wasserturm;8.257494;49.048601
de:07334:1754;Wörth;Silcherstraße;8.245340;49.056066
de:07334:1755;Wörth;Richard-Wagner-Straße;8.241585;49.053270
de:07334:32429;Wörth;Dorschbergstraße;8.251502;49.050049
de:07334:32431;Wörth;Berufsschule;8.247208;49.051451
de:07334:32451;Rülzheim;Bahnhof;8.290390;49.160877
de:07334:32625;Sondernheim;Scherer;8.360099;49.197860
de:07334:32636;Germersheim;Wasserturm;8.366163;49.212539
de:07334:32637;Germersheim;Bahnhof;8.365211;49.224761
de:07334:32660;Bellheim;Bahnhof;8.294531;49.188473
de:07334:35002;Sondernheim;Bahnhof;8.360243;49.195025
de:07334:35003;Rheinzabern;Bahnhof;8.274158;49.119592
de:07334:35004;Jockgrim;Bahnhof;8.272271;49.091792
de:08115:4510;Bondorf;Bondorf;8.827879;48.523270
de:08121:1113;Heilbronn;Hbf/Busbahnhof;9.206797;49.141957
de:08121:1114;Heilbronn;Hauptbahnhof/Willy-Brandt-Pl.;9.208450;49.142762
de:08121:1123;Heilbronn;Harmonie (Stadtbahn);9.223138;49.141593
de:08121:137;Heilbronn;Neckarturm;9.213912;49.142451
de:08121:173;Heilbronn;Pfühlpark;9.242820;49.139683
de:08121:2000;Böckingen;Berufsschulzentrum;9.181986;49.140335
de:08121:2001;Böckingen;Böckingen West;9.165717;49.139289
de:08121:23;Heilbronn;Harmonie/Kunsthalle;9.222590;49.142322
de:08121:24;Heilbronn;Harmonie/Hafenmarktpassage;9.222257;49.142298
de:08121:26;Heilbronn;Heilbronn Hauptbahnhof;9.207974;49.142927
de:08121:3032;Heilbronn;Friedensplatz;9.228932;49.141305
de:08121:3033;Heilbronn;Finanzamt;9.234933;49.140482
de:08121:31001;Heilbronn;Technisches Schulzentrum;9.221557;49.149238
de:08121:31002;Heilbronn;Theater;9.221979;49.146318
de:08121:31003;Heilbronn;Industrieplatz(S-Bahn);9.218026;49.155337
de:08121:31004;Heilbronn;Hans-Rießer-Straße;9.219562;49.162204
de:08121:31501;Heilbronn;Kaufland (S-Bahn);9.224584;49.169776
de:08121:55;Heilbronn;Rathaus;9.218709;49.141993
de:08121:59;Böckingen;Sandhof;9.182974;49.140711
de:08121:75;Heilbronn;Heilbronn Sülmertor;9.220353;49.151224
de:08121:77;Böckingen;Sonnenbrunnen;9.191113;49.140547
de:08121:8170;Heilbronn;Trappensee (S-Bahn);9.252917;49.140371
de:08121:8194;Heilbronn;Pfühlpark West;9.244652;49.141123
de:08125:10013;Weinsberg;Weidachstraße;9.282912;49.150448
de:08125:1023;Eschenau;Eschenau;9.402747;49.143803
de:08125:1110;Eppingen;Eppingen West;8.905089;49.132730
de:08125:1120;Kochendorf;Bad Friedrichshall-Kochendorf;9.211523;49.217937
de:08125:1565;Wieslensdorf;Wieslensdorf;9.422339;49.149685
de:08125:1598;Ellhofen;Weinsberg/Ellhofen Gewerbegebiet;9.307355;49.148656
de:08125:1621;Neckarsulm;Bahnhof West;9.218781;49.188766
de:08125:1630;Bad Rappenau;Bad Rappenau Kurpark;9.113400;49.240388
de:08125:1700;Stetten am Heuchelb;Stetten am Heuchelb;9.014621;49.136756
de:08125:1705;Schwaigern;Schwaigern West;9.041615;49.138901
de:08125:1800;Schwaigern;Heilbronner Straße (Ersatzhalt);9.066588;49.138813
de:08125:1801;Leingarten;Allmandstr.(Ersatzhalt);9.130243;49.143444
de:08125:1939;Weinsberg;Weinsberg West;9.275231;49.151447
de:08125:2002;Bad Wimpfen;Bad Wimpfen;9.166831;49.229730
de:08125:2003;Ellhofen;Ellhofen;9.316042;49.149955
de:08125:2004;Sülzbach;Sülzbach;9.339541;49.148650
de:08125:2005;Sülzbach;Sülzbach Schule;9.351220;49.144972
de:08125:2006;Sülzbach;M.-Beheim-Schule;9.351588;49.143127
de:08125:2017;Willsbach;Willsbach;9.357984;49.142604
de:08125:2032;Affaltrach;Affaltrach;9.379130;49.137826
de:08125:31502;Neckarsulm;Neckarsulm Süd;9.220658;49.180147
de:08125:31503;Neckarsulm;Neckarsulm Mitte;9.222680;49.192958
de:08125:31504;Neckarsulm;Neckarsulm Nord;9.228788;49.202262
de:08125:33415;Elsenz;Freudenhälde;8.843123;49.171461
de:08125:34554;Offenau;Saline;9.163418;49.245296
de:08125:3900;Gemmingen;Gemmingen;8.984698;49.151424
de:08125:4344;Weinsberg;Weinsberg;9.286406;49.148151
de:08125:4391;Schwaigern;Schwaigern Ost;9.069095;49.140488
de:08125:4402;Leingarten;Kirche;9.102413;49.148327
de:08125:4405;Gemmingen;Gemmingen West;8.977637;49.154397
de:08125:4557;Offenau;Offenau;9.165277;49.246493
de:08125:4569;Gundelsheim;Gundelsheim;9.158073;49.282761
de:08125:4595;Bad Wimpfen;Bad Wimpfen Im Tal;9.186406;49.229706
de:08125:4615;Bad Rappenau;Bad Rappenau;9.101048;49.237725
de:08125:511;Neckarsulm;Nord/AUDI Tor 6;9.227108;49.202027
de:08125:518;Bad Friedrichshall;Rathaus;9.210274;49.228392
de:08125:519;Jagstfeld;Bad Friedrichshall Hbf;9.199979;49.231953
de:08125:5404;Eppingen;Eppingen;8.914549;49.136145
de:08125:5405;Eschenau;Schloß;9.404445;49.137056
de:08125:5606;Hohenstadt;Bad Wimpfen-Hohenstadt;9.138660;49.242681
de:08125:620;Neckarsulm;Neckarsulm;9.220092;49.189031
de:08125:623;Neckarsulm;AUDI Forum;9.221413;49.192841
de:08125:6232;Babstadt;Babstadt;9.060363;49.240235
de:08125:630;Neckarsulm;Kaufland;9.221377;49.171350
de:08125:665;Elsenz;Rathaus;8.835461;49.175261
de:08125:666;Elsenz;Siedlung;8.834850;49.182619
de:08125:693;Schwaigern;Schwaigern;9.057048;49.138578
de:08125:7401;Leingarten;Leingarten;9.121763;49.145031
de:08125:7403;Leingarten;Leingarten Mitte;9.114127;49.145354
de:08125:7404;Leingarten;Leingarten West;9.105773;49.146036
de:08125:7405;Leingarten;Kiesberg;9.110040;49.148486
de:08125:8402;Leingarten;Leingarten Ost;9.131078;49.144091
de:08125:883;Kochendorf;Bergstraße;9.215116;49.220143
de:08125:884;Kochendorf;Mitte;9.216850;49.223564
de:08125:9200;Grombach;Grombach;8.997598;49.226233
de:08125:9249;Neckarsulm;Bahnhof Ost/Vorplatz;9.220326;49.188925
de:08125:945;Ellhofen;Bahnhofstraße;9.318153;49.149626
de:08126:10101;Bretzfeld;Bretzfeld;9.440476;49.172918
de:08126:10113;Bitzfeld;Schumm;9.444689;49.189764
de:08126:10125;Scheppach;Mitte;9.438410;49.163761
de:08126:10220;Öhringen;Öhringen Hbf;9.502280;49.203248
de:08126:19600;Scheppach;Scheppach;9.434718;49.162040
de:08126:19601;Bitzfeld;Bitzfeld;9.453430;49.187369
de:08126:19602;Öhringen;Öhringen-Cappel;9.527244;49.202080
de:08126:19603;Öhringen;Öhringen West;9.485841;49.200120
de:08211:1847;Baden-Baden;Baden-Baden;8.191036;48.790198
de:08211:30161;Baden-Baden;SWR Funkgelände;8.224535;48.749209
de:08211:31836;Steinbach;Alte Ziegelei;8.167168;48.732189
de:08211:31837;Baden-Baden;Wörthstraße;8.203200;48.783504
de:08211:31838;Ebersteinburg;Wolfsschlucht;8.276125;48.774281
de:08211:31839;Baden-Baden;Wilhelm-Drapp-Str.;8.198043;48.795559
de:08211:31840;Baden-Baden;Werderstraße;8.230814;48.759046
de:08211:31841;Baden-Baden;Waldseestr./Verfassungsplatz;8.228954;48.769994
de:08211:31842;Ebersteinburg;Waldkapelle;8.286824;48.776347
de:08211:31843;Baden-Baden;Waldcafé;8.260503;48.762398
de:08211:31844;Baden-Baden;Voglergasse;8.244558;48.747059
de:08211:31845;Varnhalt;Kirche;8.179457;48.735222
de:08211:31846;Baden-Baden;Untere Prinz-Weimar-Str.;8.250909;48.763766
de:08211:31847;Steinbach;Umweger Straße;8.176430;48.728189
de:08211:31848;Steinbach;Steinbach Satzweg (Ersatzhalt);8.175576;48.726749
de:08211:31849;Baden-Baden;Tiergarten/cts-Klinik;8.218255;48.749078
de:08211:31851;Lichtental;Steinackergasse;8.268444;48.741941
de:08211:31852;Balg;Klinikum Mittelbaden;8.218157;48.786481
de:08211:31853;Baden-Baden;Hauptfriedhof;8.250523;48.758738
de:08211:31854;Baden-Baden;Stadelhoferstraße;8.230023;48.753307
de:08211:31855;Baden-Baden;Solmsstraße;8.234479;48.760171
de:08211:31856;Baden-Baden;Sinzheimer Straße;8.194441;48.787019
de:08211:31864;Baden-Baden;Schirmhofweg;8.222208;48.750612
de:08211:31866;Lichtental;Sauersbosch;8.275909;48.739944
de:08211:31867;Sandweier;Südring;8.188090;48.805032
de:08211:31868;Sandweier;Nord;8.195429;48.813433
de:08211:31869;Sandweier;Mühlstraße;8.198385;48.812339
de:08211:31870;Sandweier;Mitte;8.195375;48.808156
de:08211:31871;Sandweier;Autobahnkirche;8.175469;48.809073
de:08211:31873;Baden-Baden;Rheumazentrum;8.247064;48.763440
de:08211:31880;Baden-Baden;Quettigstaffeln;8.235548;48.752780
de:08211:31882;Baden-Baden;Obere Schußbach;8.214518;48.787150
de:08211:31883;Baden-Baden;Obere Prinz-Weimar-Str.;8.249589;48.760657
de:08211:31885;Baden-Baden;Obere Breite;8.188557;48.781242
de:08211:31886;Baden-Baden;Kaiser-Wilhelm-Straße;8.232314;48.755771
de:08211:31887;Lichtental;Oberbeuern;8.285791;48.737823
de:08211:31888;Baden-Baden;Neues Schloss;8.241315;48.764843
de:08211:31889;Baden-Baden;Moltkestr./Rosengarten;8.230257;48.757731
de:08211:31890;Baden-Baden;Merkurwald;8.264519;48.762818
de:08211:31891;Baden-Baden;Maximilianstraße;8.248672;48.751886
de:08211:31893;Baden-Baden;Maximilianstr./Falkenstr.;8.248780;48.751827
de:08211:31895;Baden-Baden;Marktplatz/Rathaus;8.240561;48.762931
de:08211:31896;Baden-Baden;Markgrafenplatz;8.246885;48.758833
de:08211:31897;Baden-Baden;Mariahalden;8.233823;48.749221
de:08211:31898;Malschbach;Malschbach;8.242312;48.722340
de:08211:31900;Baden-Baden;Lilienmattstr./Klinik Annaberg;8.253065;48.765252
de:08211:31901;Baden-Baden;Lichtentaler Allee/Museen;8.238557;48.754776
de:08211:31902;Lichtental;Lichtental;8.264195;48.742521
de:08211:31903;Lichtental;Lerchenbergweg;8.281254;48.739067
de:08211:31904;Baden-Baden;Leopoldstraße;8.243327;48.765885
de:08211:31905;Baden-Baden;Kurfürstenstraße;8.248106;48.761444
de:08211:31906;Baden-Baden;Kuppenheimer Straße;8.195007;48.792080
de:08211:31907;Baden-Baden;Kronprinzenstraße;8.235853;48.758916
de:08211:31908;Lichtental;Klosterplatz;8.255904;48.746336
de:08211:31909;Baden-Baden;Klostergut Fremersberg;8.197361;48.744565
de:08211:31910;Baden-Baden;Klinik Dr. Dengler;8.235036;48.763712
de:08211:31911;Baden-Baden;Kettenbrücke;8.244792;48.750405
de:08211:31920;Lichtental;Höllhäuserweg;8.257637;48.738943
de:08211:31921;Baden-Baden;Hubertusstraße;8.203792;48.780426
de:08211:31922;Baden-Baden;Otto-Flake-Straße;8.230796;48.766099
de:08211:31923;Steinbach;Hohlgasse;8.171300;48.730328
de:08211:31924;Baden-Baden;Hochstraße;8.231874;48.764399
de:08211:31925;Baden-Baden;Charles-de-Gaulle-Platz;8.191333;48.785108
de:08211:31926;Geroldsau;Heschmattweg;8.253945;48.729836
de:08211:31927;Baden-Baden;Herrengut;8.242375;48.766744
de:08211:31928;Baden-Baden;Robert-Koch-Straße;8.243884;48.752970
de:08211:31929;Baden-Baden;Herchenbachstraße;8.237641;48.749783
de:08211:31930;Haueneberstein;Siemensstraße;8.218157;48.811209
de:08211:31931;Haueneberstein;Industriegebiet;8.211213;48.812073
de:08211:31932;Baden-Baden;Hans-Thoma-Straße;8.240821;48.749013
de:08211:31933;Baden-Baden;Hans-Bredow-Str. (SWR);8.225550;48.752342
de:08211:31934;Baden-Baden;Große Dollenstraße;8.223268;48.774233
de:08211:31935;Baden-Baden;Golfplatz;8.211626;48.746982
de:08211:31936;Balg;Gaßeck;8.227625;48.789979
de:08211:31937;Baden-Baden;Gausplatz;8.242213;48.754883
de:08211:31938;Gallenbach;Gallenbach;8.180032;48.739980
de:08211:31940;Baden-Baden;Friedrichshöhe;8.252849;48.762167
de:08211:31944;Baden-Baden;Falkenstraße;8.246507;48.753005
de:08211:31945;Baden-Baden;Entenstallhütte;8.206694;48.746389
de:08211:31946;Baden-Baden;Engel/Höhenblick;8.238719;48.767058
de:08211:31948;Lichtental;Eckerlestraße;8.253856;48.748759
de:08211:31949;Baden-Baden;Ebertplatz;8.225738;48.771812
de:08211:31950;Ebersteinburg;Klinik Ebersteinburg;8.273169;48.774802
de:08211:31952;Ebersteinburg;Kapelle;8.271247;48.777981
de:08211:31953;Baden-Baden;Dreieichenkapelle;8.217653;48.778022
de:08211:31954;Baden-Baden;Bäderviertel;8.242384;48.762421
de:08211:31956;Neuweier;Buchgasse;8.173358;48.725457
de:08211:31957;Baden-Baden;Oskar-Schlemmer-Platz;8.234048;48.753823
de:08211:31958;Baden-Baden;Birkenbuckel;8.235988;48.751649
de:08211:31959;Lichtental;Bildeiche;8.271507;48.741514
de:08211:31960;Baden-Baden;Bertholdplatz;8.243552;48.755351
de:08211:31962;Balg;Baumackerstraße;8.221813;48.787552
de:08211:31963;Baden-Baden;Bauernfeldstraße;8.199885;48.781515
de:08211:31964;Balg;Kirche;8.225577;48.788600
de:08211:31965;Balg;Friedhof;8.231002;48.790488
de:08211:31967;Lichtental;Aubrücke;8.251646;48.749967
de:08211:31968;Varnhalt;Am Kirchberg;8.177786;48.737468
de:08211:32170;Geroldsau;Geroldsauer Mühle;8.255401;48.734991
de:08211:32209;Baden-Baden;Hindenburgplatz/Stadtbibliothek;8.236958;48.764062
de:08211:32254;Baden-Baden;Hindenburgplatz (Kaiserallee);8.236824;48.764316
de:08211:32355;Steinbach;Yburgstraße/Sportschule;8.166917;48.727620
de:08211:32356;Steinbach;Vimbucher Straße;8.150972;48.731010
de:08211:32357;Steinbach;Schule;8.163054;48.729973
de:08211:32360;Steinbach;Steinbacher Str./Postplatz;8.159110;48.727905
de:08211:32361;Steinbach;Yburgstraße/Postplatz;8.159883;48.728124
de:08211:32362;Steinbach;Alte Landstraße;8.164842;48.732805
de:08211:32363;Neuweier;Winzergenossenschaft;8.178173;48.723626
de:08211:32364;Neuweier;Schneckenbach;8.180607;48.717480
de:08211:32365;Steinbach;Poststraße/Postplatz;8.157996;48.728882
de:08211:32366;Neuweier;Kirche;8.185943;48.721511
de:08211:32368;Steinbach;Grabenstraße/Postplatz;8.159649;48.728663
de:08211:32369;Steinbach;Steinbach Yburgstr./Häfnergasse;8.163135;48.728112
de:08211:32370;Lichtental;Brahmsplatz;8.259407;48.744440
de:08211:32371;Haueneberstein;Waldstraße;8.224903;48.808523
de:08211:32372;Haueneberstein;Karlsruher Straße;8.222082;48.806358
de:08211:32374;Geroldsau;Schule;8.249418;48.727561
de:08211:32375;Geroldsau;Schmiegrankweg;8.257116;48.731981
de:08211:32376;Geroldsau;Malschbacher Straße;8.247469;48.724847
de:08211:32379;Baden-Baden;Schweigrother Platz;8.209515;48.781621
de:08211:32380;Baden-Baden;Rotenbachtalstraße;8.249840;48.764512
de:08211:32384;Baden-Baden;Königsberger Straße;8.187237;48.781450
de:08211:32385;Baden-Baden;Kleine Dollenstraße;8.220456;48.776033
de:08211:32387;Baden-Baden;Caracalla Therme;8.244235;48.762522
de:08211:32388;Baden-Baden;Augustaplatz / Museum Burda;8.241100;48.758324
de:08211:32389;Baden-Baden;Festspielhaus;8.232601;48.767668
de:08211:32392;Baden-Baden;Leopoldsplatz (Luisenstraße);8.238926;48.761474
de:08211:32393;Baden-Baden;Leopoldsplatz (Sophienstraße);8.240345;48.761202
de:08211:32549;Baden-Baden;Altenpflegeheim Schafberg;8.265624;48.749647
de:08211:32832;Varnhalt;Im Lindenbosch;8.176044;48.736816
de:08211:33088;Baden-Baden;Pariser Platz Cité;8.201295;48.779094
de:08211:33089;Baden-Baden;Campus Cité / VHS;8.195492;48.780041
de:08211:33090;Baden-Baden;Shopping Cité;8.192384;48.783634
de:08211:33091;Baden-Baden;Gewerbepark Cité;8.195151;48.784066
de:08211:33108;Baden-Baden;Kino Cité / P+R;8.194567;48.781177
de:08211:33109;Baden-Baden;Bretagne;8.190857;48.779224
de:08211:33151;Haueneberstein;Robert-Bosch-Straße;8.214761;48.811398
de:08211:34755;Geroldsau;Zimmerplatz;8.227194;48.715566
de:08211:34756;Geroldsau;Schwanenwasen;8.230338;48.687950
de:08211:34757;Geroldsau;Dr. Fecht Waldheim;8.234138;48.678710
de:08211:34769;Baden-Baden;Ooswinkel;8.212614;48.777176
de:08211:34770;Baden-Baden;Im Metzenacker;8.208284;48.779668
de:08211:34771;Baden-Baden;Schwarzwaldstraße;8.205472;48.780236
de:08211:34772;Baden-Baden;Schußbachstraße;8.208589;48.786552
de:08211:34774;Baden-Baden;Kurhaus;8.237443;48.759372
de:08211:34791;Baden-Baden;Römerweg;8.202921;48.784149
de:08211:35110;Haueneberstein;Baden-Baden Haueneberstein;8.209039;48.811860
de:08211:35113;Steinbach;Rebland;8.146624;48.733913
de:08212:10;Durlach;Untermühlstraße;8.455429;49.001990
de:08212:10000;Karlsruhe;Pappelallee;8.335054;48.995135
de:08212:10001;Karlsruhe;Falterweg;8.336366;48.997069
de:08212:1001;Karlsruhe;Durlacher Tor/KIT-Campus Süd (U);8.417106;49.008931
de:08212:1002;Karlsruhe;Kronenplatz (U);8.410306;49.009309
de:08212:1003;Karlsruhe;Marktplatz (Kaiserstraße U);8.402383;49.009656
de:08212:1004;Karlsruhe;Europaplatz (U);8.394235;49.010045
de:08212:101;Karlsruhe;Starckstraße;8.352868;49.016579
de:08212:1011;Karlsruhe;Marktplatz (Pyramide U);8.403739;49.008731
de:08212:1012;Karlsruhe;Ettlinger Tor/Staatstheater (U);8.403497;49.005461
de:08212:1013;Karlsruhe;Kongresszentrum (U);8.403165;49.002532
de:08212:102;Karlsruhe;Vogesenbrücke;8.355518;49.009090
de:08212:103;Karlsruhe;Mühlburg West;8.350730;49.020297
de:08212:104;Knielingen;Siemens;8.346265;49.025268
de:08212:105;Knielingen;Herweghstraße;8.341226;49.030387
de:08212:106;Knielingen;Eggensteiner Straße;8.338351;49.033344
de:08212:107;Knielingen;Rheinbergstraße;8.336429;49.035140
de:08212:11;Durlach;Auer Straße/Dr.Willmar Schwabe;8.463468;49.000446
de:08212:1101;Karlsruhe;Moltkestraße/Städt. Klinikum;8.375074;49.015177
de:08212:1103;Karlsruhe;Knielinger Allee/Städt. Klinikum;8.375344;49.018853
de:08212:1104;Karlsruhe;August-Bebel-Straße;8.375739;49.023996
de:08212:1105;Karlsruhe;Kurt-Schumacher-Straße;8.376269;49.030140
de:08212:1106;Karlsruhe;Haus Bethlehem;8.376628;49.033444
de:08212:1110;Neureut;Welschneureuter Straße;8.374347;49.044627
de:08212:1111;Neureut;Bärenweg;8.378668;49.047094
de:08212:1114;Neureut;Adolf-Ehrmann-Bad;8.384821;49.050609
de:08212:1115;Neureut;Kirchfeld;8.388711;49.052828
de:08212:12;Karlsruhe;Duale Hochschule;8.386097;49.026918
de:08212:1201;Karlsruhe;Albtalbahnhof;8.396086;48.993662
de:08212:1206;Karlsruhe;Dammerstock;8.403623;48.984466
de:08212:1207;Karlsruhe;Schloss Rüppurr;8.403784;48.981218
de:08212:1208;Rüppurr;Ostendorfplatz;8.406614;48.975764
de:08212:1209;Rüppurr;Tulpenstraße;8.404045;48.971070
de:08212:1210;Rüppurr;Battstraße;8.404808;48.965249
de:08212:1211;Karlsruhe;Erlenweg;8.408734;48.982774
de:08212:1213;Rüppurr;Heinrich-Heine-Ring;8.407009;48.966311
de:08212:1214;Rüppurr;Hegaustraße;8.411106;48.966759
de:08212:1215;Rüppurr;Prinzenweg;8.414438;48.968693
de:08212:1216;Rüppurr;Märchenring;8.415993;48.970433
de:08212:13;Neureut;Neureut-Heide;8.388064;49.036330
de:08212:1510;Durlach;Hubstraße;8.472272;49.007164
de:08212:1521;Grötzingen;Grötzingen;8.492718;49.006115
de:08212:1525;Grötzingen;Oberausstraße;8.503803;49.005201
de:08212:1527;Grötzingen;Heilig-Kreuz-Kirche;8.503605;49.004418
de:08212:16;Durlach;Friedrichschule;8.468804;48.999302
de:08212:1600;Grötzingen;Krappmühlenweg;8.512588;49.005897
de:08212:1644;Grötzingen;Im Sonnental;8.502896;49.001719
de:08212:17;Durlach;Schlossplatz;8.473880;48.999108
de:08212:1700;Karlsruhe;Maxau;8.307701;49.035970
de:08212:18;Durlach;Turmberg;8.478183;49.000063
de:08212:19;Durlach;Karl-Weysser-Straße;8.476916;48.998566
de:08212:2002;Durlach;Friedhof;8.483258;49.002496
de:08212:2003;Grötzingen;Augustenburg;8.498817;49.004306
de:08212:2004;Durlach;Neßlerstraße;8.487022;49.002414
de:08212:201;Karlsruhe;Eckenerstraße;8.350874;49.006056
de:08212:2016;Grötzingen;LTZ Augustenberg;8.492727;49.003145
de:08212:203;Karlsruhe;Rheinhafenstraße;8.345088;49.001565
de:08212:204;Daxlanden;Thomas-Mann-Straße;8.341441;48.999125
de:08212:205;Daxlanden;Karl-Delisle-Straße;8.338082;48.996019
de:08212:206;Daxlanden;Dornröschenweg;8.335324;48.992837
de:08212:209;Daxlanden;Nussbaumweg;8.333213;48.989394
de:08212:2102;Grötzingen;Emil-Arheit-Halle;8.496778;49.022623
de:08212:2103;Grötzingen;Fröbelstraße;8.491110;49.007706
de:08212:2104;Grötzingen;Rathaus;8.495871;49.007376
de:08212:2105;Grötzingen;Karl-Leopold-Straße;8.495035;49.010823
de:08212:2106;Grötzingen;Nord;8.494173;49.014653
de:08212:2107;Grötzingen;Büchelbergstraße;8.495628;49.005673
de:08212:2108;Grötzingen;Staigstraße;8.497838;49.002880
de:08212:2109;Grötzingen;Gustav-Hofmann-Straße;8.506579;49.004023
de:08212:211;Karlsruhe;Messe;8.328649;48.981701
de:08212:2110;Grötzingen;Ringelberghohl;8.502392;49.003469
de:08212:2111;Grötzingen;Eisenbahnstraße;8.501099;49.005095
de:08212:2112;Grötzingen;An der Pfinz;8.502321;49.006015
de:08212:2222;Stupferich;Efeustraße;8.512606;48.956691
de:08212:23;Neureut;Rosmarinweg;8.385728;49.035428
de:08212:2302;Durlach;Dürrbachstraße;8.481965;48.994847
de:08212:2303;Durlach;Lerchenberg;8.487660;48.992053
de:08212:2304;Durlach;Eisenhafengrund;8.491487;48.988404
de:08212:2305;Durlach;Thomashof;8.504378;48.967443
de:08212:2306;Stupferich;Gerberastraße;8.507333;48.956438
de:08212:2307;Stupferich;Karlsbader Straße;8.508438;48.954155
de:08212:231;Hagsfeld;Hagsfeld Süd;8.449527;49.024432
de:08212:233;Hagsfeld;Geroldsäcker;8.455348;49.032819
de:08212:237;Knielingen;Sudetenstraße;8.345340;49.030416
de:08212:238;Knielingen;Pionierstraße;8.347918;49.033355
de:08212:239;Knielingen;Egon-Eiermann-Allee;8.350290;49.035852
de:08212:240;Knielingen;Nord;8.347559;49.037937
de:08212:26;Karlsruhe;Rheinhafen Nord;8.331084;49.017934
de:08212:3;Karlsruhe;Durlacher Tor/KIT-Campus Süd;8.417834;49.009090
de:08212:3002;Karlsruhe;Studentenhaus;8.418032;49.011206
de:08212:3003;Karlsruhe;Pastor-Felke-Straße;8.422245;49.015542
de:08212:3004;Karlsruhe;Büchiger Allee;8.421293;49.019684
de:08212:3005;Karlsruhe;Rintheimer Querallee;8.424320;49.025386
de:08212:3008;Waldstadt;Breslauer Straße;8.430276;49.028850
de:08212:3009;Waldstadt;Schneidemühler Straße;8.431210;49.035075
de:08212:3010;Waldstadt;Kolberger Straße;8.435046;49.038367
de:08212:3011;Waldstadt;Elbinger Straße West;8.438163;49.041064
de:08212:3012;Waldstadt;Europäische Schule;8.446975;49.045139
de:08212:3013;Hagsfeld;Reitschulschlag;8.460827;49.042907
de:08212:3014;Karlsruhe;Emil-Gött-Straße;8.420475;49.013339
de:08212:3017;Waldstadt;Elbinger Straße Ost;8.450605;49.040729
de:08212:302;Daxlanden;Mauerweg;8.339222;49.007771
de:08212:303;Daxlanden;Ankerstraße;8.334641;49.006604
de:08212:304;Daxlanden;Kirchplatz;8.332198;49.005137
de:08212:305;Daxlanden;Hammweg;8.328550;49.003463
de:08212:306;Daxlanden;Waidweg;8.322882;49.004288
de:08212:307;Daxlanden;Altrheinbrücke;8.311941;49.000852
de:08212:308;Daxlanden;Rappenwört;8.295555;48.998931
de:08212:309;Daxlanden;Tierheim;8.319127;49.003581
de:08212:310;Karlsruhe;Dunantstraße;8.436070;49.011465
de:08212:3102;Hagsfeld;Hagsfeld Bahnhof;8.453839;49.027477
de:08212:3103;Hagsfeld;Oberdorfstraße;8.455878;49.028261
de:08212:3104;Hagsfeld;Julius-Bender-Straße;8.456956;49.029227
de:08212:3105;Hagsfeld;Pfizer;8.453246;49.023566
de:08212:3106;Hagsfeld;An der Tagweide;8.456516;49.021027
de:08212:3107;Hagsfeld;Printzstraße;8.463118;49.023702
de:08212:3108;Hagsfeld;Neue Wiesen;8.460980;49.020509
de:08212:3109;Hagsfeld;Storrenacker Süd;8.466954;49.018906
de:08212:3110;Hagsfeld;Storrenacker Mitte;8.468095;49.020992
de:08212:3111;Hagsfeld;Storrenacker Nord;8.470556;49.025280
de:08212:3112;Durlach;Auf der Breit;8.478048;49.020774
de:08212:3114;Durlach;Ochsentorstraße;8.473539;49.001282
de:08212:3115;Hagsfeld;Nord;8.460154;49.034404
de:08212:3116;Hagsfeld;Schwetzinger Straße;8.459004;49.031247
de:08212:3117;Hagsfeld;Elfmorgenbruch;8.460468;49.019802
de:08212:3118;Grötzingen;Weidbruch;8.473700;49.033862
de:08212:3120;Durlach;An der Fayence;8.469676;49.001724
de:08212:3121;Durlach;Am Heegwald;8.478749;49.017640
de:08212:313;Rintheim;Forststraße;8.442098;49.014040
de:08212:314;Rintheim;Rintheim;8.443652;49.016414
de:08212:315;Karlsruhe;Stadtwerke;8.343552;49.007158
de:08212:32;Grötzingen;Paul-Rein-Straße;8.503956;49.001235
de:08212:3205;Hagsfeld;Schäferstraße;8.461043;49.028532
de:08212:3206;Hagsfeld;Brückenstraße;8.463729;49.026776
de:08212:3211;Grötzingen;Pfinzhof;8.471643;49.032331
de:08212:3212;Grötzingen;Ohmstraße;8.472703;49.027271
de:08212:3213;Grötzingen;Greschbachstraße;8.473098;49.029710
de:08212:3214;Grötzingen;Rossweid;8.472047;49.035328
de:08212:32586;Knielingen;Karlsruhe-Knielingen;8.341199;49.026659
de:08212:32587;Mühlburg;Karlsruhe-Mühlburg;8.351116;49.014570
de:08212:33;Grötzingen;Fikentscherstraße;8.507091;49.001736
de:08212:3301;Hagsfeld;Jenaer Straße;8.456210;49.035958
de:08212:3302;Hagsfeld;Hallesche Allee;8.453767;49.034851
de:08212:34;Grötzingen;Am Schwalbenloch;8.500784;49.000646
de:08212:35;Grötzingen;Vogelsang;8.499635;48.999685
de:08212:37;Karlsruhe;Europaplatz;8.394873;49.009827
de:08212:38;Karlsruhe;Kaiserplatz;8.388504;49.010110
de:08212:39;Karlsruhe;Mühlburger Tor;8.384246;49.010705
de:08212:40;Karlsruhe;Schillerstraße;8.379728;49.010104
de:08212:4002;Durlach;Raiherwiesenstraße;8.458564;48.997699
de:08212:4007;Durlach;Wachhausstraße;8.448772;48.992483
de:08212:4008;Durlach;Killisfeld;8.444954;48.993061
de:08212:401;Karlsruhe;Karl-Wilhelm-Platz;8.423197;49.011318
de:08212:402;Karlsruhe;Hauptfriedhof;8.430464;49.013792
de:08212:403;Karlsruhe;Hirtenweg/Technologiepark;8.439115;49.017321
de:08212:404;Rintheim;Sinsheimer Straße;8.444784;49.020803
de:08212:405;Hagsfeld;Fächerbad;8.448116;49.025427
de:08212:406;Waldstadt;Im Eichbäumle;8.447865;49.029568
de:08212:407;Waldstadt;Glogauer Straße;8.441936;49.031854
de:08212:408;Waldstadt;Zentrum;8.445242;49.035134
de:08212:409;Waldstadt;Jägerhaus;8.447254;49.037136
de:08212:41;Karlsruhe;Yorckstraße;8.375712;49.010935
de:08212:411;Waldstadt;Osteroder Straße;8.447200;49.043343
de:08212:4201;Karlsruhe;Kapellenstraße;8.413567;49.006922
de:08212:4202;Durlach;Tiefbauamt;8.432917;48.996603
de:08212:4203;Durlach;Maybachstraße;8.438783;48.997033
de:08212:4204;Durlach;Dieselstraße;8.444999;48.996226
de:08212:4205;Durlach;Ottostraße;8.450191;48.995118
de:08212:4206;Durlach;Gudrunstraße;8.455348;48.996562
de:08212:4302;Durlach;Schlesier Straße Ost;8.459399;48.986016
de:08212:4304;Durlach;Blattwiesenstraße;8.465103;48.992984
de:08212:4305;Durlach;Brühlstraße Mitte;8.461259;48.988374
de:08212:4307;Hohenwettersbach;Medersbuckel;8.475614;48.971955
de:08212:4308;Durlach;Tiefentalstraße;8.473431;48.973187
de:08212:4309;Hohenwettersbach;Mitte;8.478425;48.968257
de:08212:4310;Hohenwettersbach;Rathaus;8.477347;48.965998
de:08212:4312;Hohenwettersbach;Taglöhnergärten;8.472425;48.966028
de:08212:44;Karlsruhe;Händelstraße;8.369415;49.011212
de:08212:4407;Durlach;Dürrenwettersbacher Straße;8.473548;48.972013
de:08212:4409;Bergwald;Bergwald Mitte;8.468319;48.971725
de:08212:4412;Bergwald;Fridtjof-Nansen-Straße;8.469775;48.972002
de:08212:4413;Bergwald;Hooverstraße;8.464106;48.974107
de:08212:4414;Bergwald;Elsa-Brändström-Straße;8.461878;48.972344
de:08212:4415;Bergwald;Bergwaldschule;8.467870;48.971235
de:08212:4492;Durlach;Zündhütle;8.460567;48.982638
de:08212:4493;Durlach;Schlesier Straße West;8.452213;48.988575
de:08212:4494;Durlach;Ostmarkstraße;8.452644;48.991687
de:08212:4495;Durlach;Ellmendinger Straße;8.458716;48.994186
de:08212:4496;Durlach;Steiermärker Straße;8.455985;48.985828
de:08212:4497;Durlach;Killisfeldstraße;8.461959;48.997351
de:08212:4499;Durlach;Gritznerstraße;8.464025;48.999338
de:08212:45;Karlsruhe;Philippstraße;8.364510;49.011418
de:08212:4500;Wolfartsweier;Nord;8.458483;48.978659
de:08212:4503;Durlach;Parkschlössle;8.475299;48.995465
de:08212:4504;Durlach;Rommelstraße;8.473027;48.991935
de:08212:4505;Durlach;Max-Liebermann-Straße;8.470682;48.988551
de:08212:4508;Wolfartsweier;Mitte;8.455348;48.975604
de:08212:4509;Grünwettersbach;Rathaus;8.466837;48.958313
de:08212:4510;Grünwettersbach;Mitte;8.470287;48.955270
de:08212:4511;Grünwettersbach;Seniorenresidenz;8.471383;48.952190
de:08212:4512;Palmbach;Kirche;8.481534;48.946374
de:08212:4514;Palmbach;Im Kloth;8.477859;48.947553
de:08212:4517;Palmbach;Auf der Römerstraße;8.489511;48.945772
de:08212:4518;Palmbach;Waldenserplatz;8.485019;48.945636
de:08212:4523;Palmbach;Rudolf-Link-Straße;8.489816;48.944049
de:08212:4602;Durlach;Lußstraße;8.477922;48.995194
de:08212:4603;Durlach;Käthe-Kollwitz-Straße;8.478668;48.993131
de:08212:4604;Durlach;Ernst-Barlach-Straße;8.479009;48.989241
de:08212:4605;Durlach;Max-Beckmann-Straße;8.477491;48.987926
de:08212:4606;Durlach;Geigersberg;8.474931;48.986164
de:08212:4607;Durlach;Erich-Heckel-Straße;8.474742;48.988310
de:08212:4608;Durlach;August-Macke-Straße;8.472479;48.987355
de:08212:4711;Stupferich;Rieslingstraße;8.503336;48.951229
de:08212:4712;Stupferich;Rebgärtenstraße;8.505285;48.950314
de:08212:4713;Stupferich;Kirche;8.509112;48.951270
de:08212:4714;Stupferich;Wiesentalstraße;8.511394;48.952067
de:08212:4715;Stupferich;Rathaus;8.510675;48.954296
de:08212:4717;Stupferich;Pfefferäcker;8.503991;48.952385
de:08212:4800;Wolfartsweier;Süd;8.453264;48.974119
de:08212:5;Karlsruhe;Synagoge;8.384902;49.017769
de:08212:5003;Karlsruhe;Barbarossaplatz;8.389654;48.994935
de:08212:5004;Karlsruhe;Gebhardstraße;8.389384;48.992866
de:08212:5005;Karlsruhe;Breite Straße;8.385701;48.992542
de:08212:5006;Karlsruhe;Neue-Anlage-Straße;8.384776;48.990591
de:08212:5007;Karlsruhe;Grünwinkler Straße;8.380096;48.987991
de:08212:5008;Karlsruhe;Landgrabenstraße;8.377607;48.988651
de:08212:501;Karlsruhe;Rheinhafen;8.347433;49.015601
de:08212:5012;Oberreut;Rudolf-Breitscheid-Straße;8.360845;48.987007
de:08212:5013;Oberreut;Johanna-Kirchner-Straße;8.359605;48.985545
de:08212:5014;Oberreut;Eugen-Geck-Straße;8.356192;48.985097
de:08212:5015;Karlsruhe;Petergraben;8.377545;48.985904
de:08212:5016;Bulach;Friedhof;8.374535;48.983375
de:08212:5017;Oberreut;Bernhard-Lichtenberg-Straße;8.364357;48.987207
de:08212:503;Karlsruhe;Mühlburger Feld;8.364151;49.007700
de:08212:504;Karlsruhe;Kühler Krug;8.366936;49.006032
de:08212:505;Karlsruhe;Hübschstraße;8.372577;49.005567
de:08212:507;Karlsruhe;Lessingstraße;8.384228;49.004382
de:08212:508;Karlsruhe;Otto-Sachs-Straße;8.389375;49.003445
de:08212:51;Karlsruhe;Entenfang;8.359093;49.010469
de:08212:510;Karlsruhe;Konzerthaus;8.399769;49.003587
de:08212:5202;Karlsruhe;Stephanienbad;8.391819;48.990956
de:08212:5203;Karlsruhe;Neckarplatz;8.394217;48.987449
de:08212:5204;Karlsruhe;Weiherhof;8.392870;48.985757
de:08212:5205;Karlsruhe;Belchenplatz;8.390373;48.982373
de:08212:5206;Karlsruhe;Links der Alb;8.395924;48.983929
de:08212:5207;Karlsruhe;Nürnberger Straße;8.398574;48.984383
de:08212:521;Karlsruhe;Kußmaulstraße/Städt. Klinikum;8.369388;49.016838
de:08212:522;Karlsruhe;Hertzstraße;8.364303;49.019949
de:08212:523;Karlsruhe;Feierabendweg;8.360513;49.022005
de:08212:524;Karlsruhe;Neureuter Straße;8.357449;49.023654
de:08212:525;Knielingen;Siemensallee;8.350020;49.027725
de:08212:5504;Karlsruhe;Südendschule;8.388666;48.998589
de:08212:5508;Karlsruhe;St. Vincentius-Krankenhaus;8.380886;48.999509
de:08212:5509;Karlsruhe;Holtzstraße;8.381111;49.001842
de:08212:5513;Karlsruhe;Griesbachstraße;8.368274;49.000634
de:08212:5514;Karlsruhe;Junker-und-Ruh-Straße;8.369091;48.999479
de:08212:5515;Karlsruhe;Benzstraße;8.366028;49.000605
de:08212:5516;Karlsruhe;Liststraße;8.363944;49.004494
de:08212:58;Karlsruhe;Lameyplatz;8.354727;49.013138
de:08212:6;Karlsruhe;Gottesauer Platz/BGV;8.424895;49.007488
de:08212:6002;Karlsruhe;Blohnstraße;8.356201;49.007411
de:08212:6003;Grünwinkel;Friedhof Grünwinkel;8.356102;49.005525
de:08212:6005;Karlsruhe;Karlsruhe Westbahnhof;8.362965;49.001848
de:08212:6006;Karlsruhe;Birkenweg;8.362282;48.998795
de:08212:6007;Karlsruhe;Hornisgrindestraße;8.360162;48.995831
de:08212:6008;Karlsruhe;Sinner;8.354665;49.002396
de:08212:6009;Karlsruhe;Wattkopfstraße;8.351637;48.994569
de:08212:6010;Karlsruhe;Edelbergstraße;8.354063;48.996868
de:08212:6011;Karlsruhe;Staufenbergweg;8.346957;48.991021
de:08212:6012;Karlsruhe;Andreas-Hofer-Straße;8.360701;49.002933
de:08212:6015;Daxlanden;Lindenallee;8.339806;48.997086
de:08212:6016;Daxlanden;Panoramaweg;8.336923;48.994033
de:08212:6017;Karlsruhe;Karlsruhe West;8.362767;49.002308
de:08212:602;Karlsruhe;Sophienstraße;8.379171;49.007611
de:08212:603;Karlsruhe;Weinbrennerplatz;8.377742;49.005602
de:08212:604;Karlsruhe;Landesbausparkasse;8.377572;49.001695
de:08212:605;Karlsruhe;Europahalle/Europabad;8.376323;48.998801
de:08212:606;Karlsruhe;Bannwaldallee;8.372577;48.995224
de:08212:607;Karlsruhe;Hardecksiedlung;8.368786;48.992642
de:08212:608;Oberreut;Albert-Braun-Straße;8.363549;48.989129
de:08212:609;Oberreut;Zentrum;8.362282;48.985745
de:08212:61;Karlsruhe;Karlstor/Bundesgerichtshof;8.394900;49.005360
de:08212:610;Oberreut;Wilhelm-Leuschner-Straße;8.364896;48.983481
de:08212:611;Oberreut;Badeniaplatz;8.368283;48.982285
de:08212:612;Oberreut;Eva-Maria-Buch-Straße;8.367924;48.985769
de:08212:62;Karlsruhe;Mathystraße;8.394163;49.002384
de:08212:6205;Karlsruhe;Durmersheimer Straße;8.350559;49.000481
de:08212:6206;Karlsruhe;St. Josef Kirche;8.350011;48.998330
de:08212:6207;Karlsruhe;TÜV;8.348358;48.996573
de:08212:6208;Karlsruhe;Eichelbergstraße;8.345106;48.993526
de:08212:6209;Karlsruhe;Bernsteinstraße;8.348188;48.992082
de:08212:621;Karlsruhe;Philipp-Reis-Straße;8.411231;49.004477
de:08212:6213;Karlsruhe;Schwimmschulweg;8.364564;48.994593
de:08212:6215;Karlsruhe;Windeckstraße;8.370816;48.991227
de:08212:6216;Bulach;West;8.375317;48.989235
de:08212:6217;Beiertheim;Beiertheim West;8.382692;48.994900
de:08212:6218;Karlsruhe;Welfenstraße;8.385360;48.995265
de:08212:622;Karlsruhe;Ostendstraße;8.416298;49.005036
de:08212:6220;Daxlanden;August-Dosenbach-Straße;8.342933;49.002031
de:08212:6221;Daxlanden;Agathenstraße;8.334291;48.999674
de:08212:6222;Daxlanden;Turnerstraße;8.336986;49.001825
de:08212:6223;Daxlanden;Kirschstraße;8.333554;49.001760
de:08212:623;Karlsruhe;Wolfartsweierer Straße;8.423350;49.003481
de:08212:624;Karlsruhe;Schloss Gottesaue;8.427437;49.003640
de:08212:626;Karlsruhe;Essenweinstraße;8.431893;49.009727
de:08212:63;Karlsruhe;Kolpingplatz;8.393759;48.997575
de:08212:64;Karlsruhe;Arbeitsagentur;8.386447;49.003569
de:08212:65;Karlsruhe;ZKM;8.385998;48.999385
de:08212:7;Karlsruhe;Tullastraße/Alter Schlachthof;8.431785;49.006250
de:08212:7003;Karlsruhe;Kunstakademie/Hochschule;8.385647;49.014458
de:08212:7009;Karlsruhe;Heidehof;8.387031;49.031371
de:08212:7012;Neureut;Flughafenstraße;8.380545;49.036117
de:08212:7013;Karlsruhe;Kaiserslauterner Straße;8.374149;49.036689
de:08212:7014;Karlsruhe;Schweigener Straße;8.369586;49.038438
de:08212:7015;Karlsruhe;Weißenburger Straße;8.366989;49.036960
de:08212:7016;Karlsruhe;Germersheimer Straße;8.364780;49.033167
de:08212:7017;Karlsruhe;Berliner Straße;8.364789;49.030611
de:08212:7018;Karlsruhe;Madenburgweg;8.365435;49.027183
de:08212:7019;Karlsruhe;Barbaraweg;8.366010;49.023737
de:08212:7020;Neureut;Blankenlocher Weg;8.399724;49.053482
de:08212:7021;Karlsruhe;Kärcherstraße;8.361698;49.016090
de:08212:7023;Neureut;Kirchfeld Fortuna;8.400227;49.056478
de:08212:7024;Neureut;Kirchfeld Nord;8.399949;49.058609
de:08212:71;Karlsruhe;Ettlinger Tor/Staatstheater;8.402230;49.005455
de:08212:7101;Karlsruhe;Ohiostraße;8.394002;49.029951
de:08212:7104;Neureut;Waldenserkirche;8.371077;49.047170
de:08212:7105;Neureut;Bachenweg;8.375146;49.050314
de:08212:7106;Neureut;Neureut Südschule;8.370798;49.045422
de:08212:7107;Neureut;Mitteltorstraße;8.378299;49.052157
de:08212:7108;Neureut;Kirche;8.380491;49.053935
de:08212:7109;Neureut;Friedhof;8.384803;49.057597
de:08212:7110;Neureut;Am Zinken;8.380761;49.058368
de:08212:7111;Neureut;Am Bachkanal;8.373323;49.063783
de:08212:7112;Neureut;Im Kleinen Bruch;8.369720;49.066791
de:08212:7113;Neureut;Dammweg;8.370205;49.064101
de:08212:72;Karlsruhe;Kongresszentrum;8.403928;49.003828
de:08212:7202;Neureut;Grünewaldstraße;8.381605;49.045586
de:08212:7203;Neureut;Spöcker Straße;8.390615;49.045027
de:08212:7204;Neureut;An der Trift;8.393840;49.045722
de:08212:7205;Neureut;Moldaustraße;8.396319;49.047359
de:08212:7206;Neureut;Donauschwabenstraße;8.396032;49.051309
de:08212:7207;Neureut;Forlenweg;8.395646;49.052864
de:08212:7210;Neureut;Holbeinstraße;8.382737;49.046805
de:08212:7302;Karlsruhe;Linkenheimer Tor;8.398206;49.014735
de:08212:7303;Karlsruhe;Schützenhaus;8.396652;49.024031
de:08212:7304;Karlsruhe;Am Kanalweg;8.395493;49.030464
de:08212:7305;Karlsruhe;Weißes Haus;8.395008;49.033185
de:08212:7306;Neureut;Alte Kreisstraße;8.392906;49.040405
de:08212:7307;Neureut;Am Hubengut;8.390552;49.042224
de:08212:74;Karlsruhe;Augartenstraße;8.403650;48.998683
de:08212:7402;Karlsruhe;Stresemannstraße;8.374499;49.026299
de:08212:7404;Karlsruhe;Landauer Straße;8.370385;49.031217
de:08212:7405;Karlsruhe;Frankenthaler Straße;8.370592;49.034027
de:08212:7406;Karlsruhe;Trierer Straße;8.372568;49.035305
de:08212:7412;Karlsruhe;Binger Straße;8.361007;49.031194
de:08212:7413;Knielingen;Husarenlager;8.355078;49.032890
de:08212:7416;Knielingen;Landeckstraße;8.342861;49.036612
de:08212:7417;Knielingen;Reinmuthstraße;8.340543;49.034893
de:08212:7501;Knielingen;Jakob-Dörr-Straße;8.336725;49.036653
de:08212:7502;Knielingen;Elsternweg;8.339222;49.037914
de:08212:7503;Knielingen;Kolbengärten;8.341765;49.039804
de:08212:7505;Knielingen;Bruchweg;8.335081;49.039498
de:08212:7506;Knielingen;Max-Dortu-Straße;8.338621;49.041618
de:08212:798;Durlach;Durlach Pfinztalstraße;8.465732;48.999786
de:08212:799;Durlach;Pforzheimer Straße;8.465193;49.000404
de:08212:8;Karlsruhe;Lilienthalstraße;8.385171;49.022535
de:08212:80;Karlsruhe;Kronenplatz;8.410073;49.008855
de:08212:800;Durlach;Durlach Pforzheimer Str./Abst.;8.466244;49.001170
de:08212:801;Durlach;Karlsruhe-Durlach;8.462759;49.002249
de:08212:802;Durlach;Bahnhof;8.462624;49.001848
de:08212:83;Karlsruhe;Werderstraße;8.410621;49.000469
de:08212:84;Karlsruhe;Tivoli;8.410549;48.996815
de:08212:85;Karlsruhe;Rüppurrer Tor;8.410055;49.005820
de:08212:88;Karlsruhe;Hauptbahnhof Süd;8.401260;48.991746
de:08212:89;Karlsruhe;Hauptbahnhof (Vorplatz);8.399670;48.994369
de:08212:9;Karlsruhe;Weinweg;8.441487;49.004412
de:08212:90;Karlsruhe;Hauptbahnhof;8.401036;48.993349
de:08212:90006;Karlsruhe;Karlsruhe Leonardo Hotel;8.403236;49.000068
de:08212:90008;Karlsruhe;Karlsruhe Novotel;8.402221;49.003875
de:08212:90009;Karlsruhe;Hotel Motel One (Ritterstr.);8.398134;49.005195
de:08212:9021;Karlsruhe;Einfahrt über Gleis 21;8.433626;49.007676
de:08212:9022;Karlsruhe;Ausfahrt über Gleis 22;8.433141;49.007824
de:08212:9031;Hagsfeld;Ruschgraben;8.458070;49.028932
de:08212:9043;Karlsruhe;Historisches Depot 1913;8.434282;49.006993
de:08212:9044;Karlsruhe;Ausfahrt über Gleis 44;8.434049;49.006515
de:08212:91;Karlsruhe;Ebertstraße;8.394927;48.994564
de:08212:91004;Grünwettersbach;Heinz-Barth-Schule;8.476737;48.953571
de:08212:91006;Oberreut;Oberreut Realschule;8.361321;48.993084
de:08212:98;Karlsruhe;Poststraße;8.403587;48.995165
de:08212:991;Karlsruhe;Betriebshof West;8.337013;49.023342
de:08215:1120;Eggenstein;Eggenstein;8.397963;49.075695
de:08215:1122;Eggenstein;Spöcker Weg;8.399697;49.079867
de:08215:1123;Eggenstein;Schweriner Straße;8.402203;49.085880
de:08215:1124;Eggenstein;Süd;8.396068;49.071140
de:08215:1128;Eggenstein;Spargelhof (Ersatzhalt);8.396050;49.085497
de:08215:1131;Leopoldshafen;Viermorgen;8.400730;49.090380
de:08215:1132;Leopoldshafen;Leopoldstraße;8.401098;49.097163
de:08215:1133;Leopoldshafen;Frankfurter Straße;8.403883;49.100962
de:08215:1140;Eggenstein-Leopoldshafen;KIT-Campus Nord;8.430330;49.097069
de:08215:1151;Linkenheim;Süd;8.411636;49.116599
de:08215:1152;Linkenheim;Friedrichstraße;8.409345;49.119686
de:08215:1153;Linkenheim;Rathaus;8.408222;49.123125
de:08215:1154;Linkenheim;Schulzentrum;8.413387;49.127487
de:08215:1155;Hochstetten (Link.);Grenzstraße;8.415723;49.129550
de:08215:1156;Hochstetten (Link.);Altenheim;8.418157;49.132613
de:08215:1157;Hochstetten (Link.);Hochstetten;8.415454;49.133653
de:08215:1220;Ettlingen;Neuwiesenreben;8.400524;48.952987
de:08215:1221;Ettlingen;Wasen;8.398745;48.945247
de:08215:1223;Ettlingen;Erbprinz / Schloss;8.404548;48.940703
de:08215:1224;Ettlingen;Am Lindscharren;8.408186;48.947748
de:08215:1231;Ettlingen;Ettlingen Stadt;8.408950;48.938691
de:08215:1235;Ettlingen;Albgaubad;8.415534;48.936791
de:08215:1237;Ettlingen;Spinnerei;8.442232;48.934555
de:08215:1241;Busenbach;Busenbach;8.450569;48.929302
de:08215:1250;Ettlingen;Bertha-von-Suttner-Schule;8.397945;48.940875
de:08215:12601;Bretten;Sporgasse;8.707972;49.037348
de:08215:12602;Bretten;Alte Post;8.699609;49.037755
de:08215:12603;Diedelsheim;Eichholz;8.685002;49.039686
de:08215:12604;Diedelsheim;Rathaus;8.677896;49.040870
de:08215:12606;Gondelsheim;Marktplatz;8.657549;49.059592
de:08215:12607;Gondelsheim;Graf-Douglas-Str.;8.657100;49.063153
de:08215:12608;Gondelsheim;In den Buchen;8.657388;49.066114
de:08215:12609;Heidelsheim;Brettener Str.;8.643024;49.098010
de:08215:12611;Heidelsheim;Marktplatz;8.643536;49.101580
de:08215:12614;Bruchsal;Campus;8.590580;49.117493
de:08215:12616;Bruchsal;Bürgerpark;8.601010;49.123678
de:08215:12619;Bruchsal;Pfeilerstraße;8.598854;49.125036
de:08215:12622;Bruchsal;Friedrichsplatz;8.595512;49.124618
de:08215:12623;Bruchsal;Neutorstraße;8.596150;49.121743
de:08215:12624;Bruchsal;Silberhölle;8.598818;49.119327
de:08215:12626;Bruchsal;Europaplatz;8.593464;49.125753
de:08215:12627;Bruchsal;Weiherberg;8.585864;49.113077
de:08215:12628;Bruchsal;Weiherbergstraße;8.590661;49.113336
de:08215:12631;Bruchsal;Liebigstraße;8.594865;49.113971
de:08215:12634;Bruchsal;Zickstraße;8.596500;49.132154
de:08215:12635;Bruchsal;Asamstraße;8.599770;49.133118
de:08215:12637;Bruchsal;Zaisental;8.604980;49.130032
de:08215:12638;Bruchsal;Schwimmbad;8.588316;49.133100
de:08215:12640;Bruchsal;Speyerer Straße;8.583313;49.131725
de:08215:12641;Bruchsal;Schwetzinger Str.;8.585819;49.128010
de:08215:12642;Bruchsal;Weidenbusch;8.582432;49.128469
de:08215:12643;Bruchsal;Auweg;8.612400;49.121984
de:08215:12645;Bruchsal;Lortzingstraße;8.606058;49.127816
de:08215:12647;Helmsheim;Dossentalstraße;8.638927;49.084650
de:08215:12648;Obergrombach;Untere Au;8.576171;49.078249
de:08215:12649;Büchenau;Im Grün;8.530105;49.104232
de:08215:12650;Bruchsal;Dittmannswiesen;8.566002;49.118563
de:08215:12651;Bruchsal;Beethovenstraße;8.604019;49.128192
de:08215:12653;Bruchsal;Durlacher Straße;8.593536;49.120438
de:08215:12654;Bruchsal;Eggerten;8.599060;49.116787
de:08215:12657;Bruchsal;Habichtweg;8.612337;49.123096
de:08215:12658;Bruchsal;Altenzentrum;8.603363;49.125059
de:08215:12659;Bruchsal;Krankenhaus;8.604046;49.133212
de:08215:12660;Heidelsheim;Malzfabrik;8.640877;49.103403
de:08215:12661;Heidelsheim;Schwimmbad;8.640284;49.105703
de:08215:12662;Helmsheim;Schlossbergring;8.633034;49.084333
de:08215:12663;Untergrombach;Mitte;8.555025;49.085986
de:08215:12665;Untergrombach;Wendelinusstraße;8.545736;49.092086
de:08215:12666;Untergrombach;Bahnhof West;8.547129;49.088357
de:08215:12667;Bruchsal;Südstadt;8.566712;49.117534
de:08215:12668;Heidelsheim;Pfälzer Straße;8.643706;49.099768
de:08215:1301;Etzenrot;Etzenrot;8.457549;48.913932
de:08215:1302;Fischweier;Fischweier;8.451305;48.888232
de:08215:1303;Marxzell;Marxzell;8.447317;48.863359
de:08215:1304;Frauenalb;Frauenalb - Schielberg;8.440490;48.837261
de:08215:13501;Neuenbürg;Raiffeisenbank;8.721932;49.154408
de:08215:13502;Oberöwisheim;Friedhof;8.690051;49.147146
de:08215:13601;Oberacker;Rathaus;8.711960;49.106820
de:08215:13701;Bahnbrücken;Rathaus;8.785802;49.118351
de:08215:13722;Bahnbrücken;Gochsheimer Str.;8.778517;49.116276
de:08215:13723;Bahnbrücken;Kindergarten;8.782101;49.118569
de:08215:13801;Landshausen;Röhrbrunnen;8.808970;49.148339
de:08215:13802;Wössingen;Grundschule;8.610496;49.011377
de:08215:13803;Wössingen;Durlacher Allee;8.603408;49.014759
de:08215:1401;Reichenbach;Reichenbach Kurpark;8.472865;48.918920
de:08215:1402;Reichenbach;Reichenbach;8.479467;48.920384
de:08215:1403;Langensteinbach;Langensteinbach;8.503120;48.915219
de:08215:1404;Langensteinbach;Langensteinbach St. Barbara;8.499572;48.909728
de:08215:1406;Spielberg;Spielberg;8.474670;48.897493
de:08215:1408;Ittersbach;Ittersbach Industrie;8.508618;48.884806
de:08215:1409;Ittersbach;Ittersbach;8.511097;48.869233
de:08215:1410;Ittersbach;Rathaus;8.510289;48.866006
de:08215:14101;Neibsheim;Kirche;8.683098;49.069745
de:08215:14102;Neibsheim;Große Gasse;8.685119;49.072476
de:08215:14103;Büchig;Teich/Wanne;8.706517;49.075165
de:08215:14104;Büchig;Hügellandstraße;8.712113;49.072211
de:08215:14105;Bretten;Im Grüner;8.717395;49.030063
de:08215:14106;Bretten;Gymnasium;8.711332;49.035882
de:08215:14107;Büchig;Rathaus;8.710074;49.074082
de:08215:14108;Bretten;Anne-Frank-Str.;8.716497;49.040310
de:08215:14109;Bretten;Rechbergklinik;8.695566;49.033473
de:08215:1411;Langensteinbach;Schießhüttenäcker;8.499437;48.920059
de:08215:14110;Neibsheim;Fürthstraße;8.687365;49.075866
de:08215:14111;Bretten;Gölshäuser Lücke;8.713766;49.038320
de:08215:14112;Bretten;Jahnhalle;8.712059;49.037236
de:08215:14113;Bretten;Bernhardushaus;8.708996;49.038296
de:08215:14114;Bretten;Wilhelmstraße;8.699833;49.037407
de:08215:14116;Bretten;Virchowstraße;8.699833;49.032625
de:08215:14117;Bretten;Brunnenstube;8.695584;49.039439
de:08215:14118;Bretten;Bismarckstraße;8.700327;49.041306
de:08215:14119;Bretten;Hausertalstraße;8.704397;49.041105
de:08215:1412;Ittersbach;Descostraße;8.509274;48.884168
de:08215:14120;Bretten;Friedhof;8.707774;49.038909
de:08215:14121;Bretten;Seniorenheim;8.700839;49.030069
de:08215:14124;Bretten;St. Johann;8.700660;49.027831
de:08215:14128;Gölshausen;Kirche;8.721797;49.045987
de:08215:14133;Bretten;Edisonstraße;8.699663;49.032278
de:08215:14134;Gölshausen;Im Schreiberle;8.720225;49.050191
de:08215:14135;Gölshausen;Auf dem Bergel;8.718536;49.042684
de:08215:1414;Langensteinbach;Draisstraße;8.500542;48.920526
de:08215:14200;Großvillars;Schule;8.768635;49.046093
de:08215:14205;Flehingen;Ortsmitte;8.779217;49.086421
de:08215:14206;Flehingen;Kraichtalstraße;8.773261;49.087045
de:08215:14211;Bauerbach;Schule;8.743491;49.073412
de:08215:14302;Oberderdingen;Allmend;8.795953;49.071893
de:08215:14303;Oberderdingen;Blanco Verwaltung;8.803337;49.067332
de:08215:14304;Oberderdingen;Kelterplatz;8.806382;49.068480
de:08215:14305;Oberderdingen;Langwiesenstraße;8.794345;49.066779
de:08215:14306;Oberderdingen;Gesundheitszentrum;8.798028;49.064384
de:08215:14308;Großvillars;Kirche;8.770216;49.045898
de:08215:14309;Bretten;Schwarzerdhof;8.754496;49.047777
de:08215:14310;Bretten;Derdinger Straße;8.717467;49.033750
de:08215:14311;Oberderdingen;Freibad;8.796627;49.058409
de:08215:14312;Oberderdingen;Schillerstraße (Ersatz);8.794839;49.058597
de:08215:14313;Oberderdingen;Paula-Fürst-Schule;8.795513;49.061087
de:08215:14400;Sulzfeld;Schule;8.860308;49.100192
de:08215:14401;Sulzfeld;Ortsmitte;8.856158;49.105115
de:08215:14402;Sulzfeld;Amalienhof;8.856472;49.100192
de:08215:14403;Kürnbach;Hessenstraße;8.848082;49.072770
de:08215:14404;Kürnbach;Ober-Tor-Platz;8.844417;49.076560
de:08215:14405;Kürnbach;Flehinger Str.;8.839674;49.078684
de:08215:14407;Oberderdingen;Schulzentrum;8.807856;49.064884
de:08215:14501;Oberderdingen;Blanco Werk III;8.800175;49.068480
de:08215:14503;Zaisenhausen;Kelter;8.811664;49.105885
de:08215:14504;Zaisenhausen;Kirche;8.817144;49.107438
de:08215:14601;Ruit;Ortsmitte;8.724160;49.007741
de:08215:14602;Bretten;Ruiter Straße;8.708610;49.025675
de:08215:14603;Bretten;Albert-Einstein-Str.;8.713640;49.025946
de:08215:14604;Bretten;Otto-Hahn-Str.;8.713137;49.028520
de:08215:14605;Diedelsheim;Schule;8.683475;49.043190
de:08215:14606;Rinklingen;Jahnstraße;8.676010;49.036282
de:08215:14607;Rinklingen;Kirche;8.682109;49.034722
de:08215:14608;Ruit;Knittlinger Straße;8.726145;49.007888
de:08215:14609;Ruit;Ruit Höhenstraße;8.729873;49.007087
de:08215:14611;Ruit;An der Steige;8.726136;49.012579
de:08215:14613;Diedelsheim;Schubertstraße;8.684768;49.045410
de:08215:14614;Diedelsheim;Friedhof;8.680870;49.045734
de:08215:14615;Diedelsheim;Joh.-Seb.-Bach-Str.;8.678292;49.043537
de:08215:14616;Dürrenbüchig;Ortsmitte;8.647524;49.021098
de:08215:14617;Dürrenbüchig;Siedlung;8.650911;49.022400
de:08215:14618;Diedelsheim;Evangelische Kirche;8.680214;49.041111
de:08215:14619;Diedelsheim;Diedelsheimer Höhe;8.688631;49.040098
de:08215:14620;Rinklingen;Saalbachstraße;8.687050;49.035110
de:08215:14621;Ruit;Fuchslochstraße (Ersatz);8.721123;49.014576
de:08215:1500;Mörsch;Am Hang;8.285476;48.956544
de:08215:1501;Mörsch;Bach-West;8.283985;48.958950
de:08215:1526;Berghausen;Hummelberg;8.526881;49.009809
de:08215:1530;Jöhlingen;Jöhlingen West;8.570000;49.030905
de:08215:1531;Jöhlingen;Jöhlingen;8.575147;49.028214
de:08215:1541;Wössingen;Wössingen;8.604531;49.015530
de:08215:1543;Wössingen;Wössingen Ost;8.610190;49.015884
de:08215:1548;Dürrenbüchig;Dürrenbüchig;8.647794;49.023837
de:08215:1550;Rinklingen;Bretten-Rinklingen;8.673719;49.036636
de:08215:1551;Bretten;Bretten;8.693275;49.037178
de:08215:1553;Bretten;Stadtmitte;8.702968;49.033897
de:08215:1554;Bretten;Wannenweg;8.709328;49.030381
de:08215:1555;Bretten;Schulzentrum;8.718428;49.031883
de:08215:1556;Bretten;Kupferhälde;8.723630;49.037030
de:08215:1557;Gölshausen;Gölshausen;8.724726;49.044880
de:08215:1559;Gölshausen;Gölshausen Steinäcker (Ersatzhalt);8.731939;49.047600
de:08215:1561;Oberderdingen;Oberderdingen-Flehingen;8.775040;49.083938
de:08215:1601;Berghausen;Pfinzbrücke;8.520871;49.006515
de:08215:1616;Söllingen;Reetzstraße;8.540858;48.990891
de:08215:1617;Söllingen;Söllingen;8.543445;48.987903
de:08215:1619;Kleinsteinbach/Baden;Kleinsteinbach;8.554971;48.966624
de:08215:1627;Söllingen;Kapellenstraße;8.549635;48.983918
de:08215:1634;Berghausen;Am Stadion;8.536115;49.002620
de:08215:1818;Forchheim;Forchheim;8.338486;48.964607
de:08215:1835;Helmsheim;Helmsheim;8.651405;49.085680
de:08215:1837;Gondelsheim;Gondelsheim;8.660128;49.059951
de:08215:1840;Ettlingen;Ettlingen West;8.387866;48.947129
de:08215:1841;Bruchhausen;Bruchhausen;8.373942;48.924002
de:08215:1853;Weingarten;Weingarten;8.521095;49.059021
de:08215:1854;Untergrombach;Untergrombach;8.548072;49.087415
de:08215:1855;Bruchsal;Gewerbliches Bildungszentrum;8.574563;49.110395
de:08215:1856;Bruchsal;Bruchsal;8.590347;49.124924
de:08215:1857;Bruchsal;Schlossgarten;8.594092;49.131390
de:08215:1858;Bruchsal;Stegwiesen;8.598189;49.136451
de:08215:1863;Mingolsheim;Bad Schönborn-Kronau;8.647093;49.219562
de:08215:1902;Büchig;Büchig;8.461070;49.047930
de:08215:1903;Blankenloch;Süd;8.467080;49.057408
de:08215:1906;Blankenloch;Mühlenweg;8.474599;49.068709
de:08215:1907;Forst;Buntstift;8.587975;49.146770
de:08215:1908;Forst;Weiherer Straße;8.590158;49.154326
de:08215:2006;Berghausen;Georgstraße;8.519676;49.004571
de:08215:2007;Berghausen;Kirche;8.526907;49.003593
de:08215:2008;Berghausen;Berghausen;8.530483;49.005749
de:08215:2010;Wöschbach;Im Saalbrett;8.564304;49.005243
de:08215:2011;Wöschbach;Friedenstraße;8.566263;49.002561
de:08215:2012;Wöschbach;Rathaus;8.567404;48.999514
de:08215:2013;Wöschbach;Steinstraße;8.570593;48.997204
de:08215:2015;Wöschbach;Schützenhaus;8.573108;48.995966
de:08215:210;Forchheim;Leichtsandstraße/Messe Karlsruhe;8.323448;48.982143
de:08215:212;Forchheim;Hallenbad;8.317357;48.978635
de:08215:213;Forchheim;Hauptstraße;8.312282;48.974885
de:08215:214;Forchheim;Oberfeldstraße;8.307844;48.970250
de:08215:215;Mörsch;Rösselsbrünnle;8.305176;48.967779
de:08215:216;Forchheim;Messe Nord;8.333222;48.984024
de:08215:217;Mörsch;Narzissenstraße;8.302436;48.965992
de:08215:218;Mörsch;Römerstraße;8.297397;48.961422
de:08215:219;Mörsch;Rheinaustraße;8.294361;48.958549
de:08215:220;Mörsch;Merkurstraße;8.291288;48.953164
de:08215:2209;Söllingen;Rathaus;8.540876;48.986382
de:08215:221;Mörsch;Hertzstraße;8.281101;48.964394
de:08215:2210;Söllingen;Leerdamplatz;8.545287;48.984772
de:08215:2212;Mutschelbach;Sonnenberg;8.534714;48.948061
de:08215:2213;Mutschelbach;Rathaus;8.534193;48.943931
de:08215:2214;Mutschelbach;Wiesenstraße;8.531678;48.939801
de:08215:2216;Mutschelbach;Baum;8.533690;48.932666
de:08215:2218;Kleinsteinbach/Baden;Bockstalstraße;8.545889;48.963875
de:08215:2219;Mutschelbach;Altes Schulhaus;8.534624;48.934596
de:08215:222;Forchheim;Messering Mitte;8.337120;48.979738
de:08215:2220;Kleinsteinbach/Baden;Abzw. Bahnhof;8.553974;48.966918
de:08215:2223;Kleinsteinbach/Baden;Hammerwerk;8.549231;48.970858
de:08215:223;Forchheim;Messering Süd;8.335872;48.977084
de:08215:226;Mörsch;Rastatter Straße;8.290156;48.959717
de:08215:29998;Jöhlingen;Weingartener Str.;8.569425;49.034374
de:08215:29999;Jöhlingen;Hirtenbrunnen;8.577330;49.029933
de:08215:30162;Jöhlingen;B293;8.578138;49.027842
de:08215:30163;Jöhlingen;Kirchplatz;8.573970;49.032454
de:08215:30164;Eggenstein-Leopoldshafen;H6 Gebäude 605;8.431713;49.097357
de:08215:30167;Eggenstein-Leopoldshafen;KIT-Campus Nord H9 Nordtor;8.436789;49.110566
de:08215:30178;Eggenstein-Leopoldshafen;H14 Stadtbahnhaltestelle;8.431381;49.097569
de:08215:30180;Eggenstein-Leopoldshafen;H12 Grabener Str.;8.432971;49.101374
de:08215:30181;Eggenstein-Leopoldshafen;H2 FIZ;8.429719;49.093151
de:08215:30182;Eggenstein-Leopoldshafen;H7 Grabener Str.;8.433132;49.101351
de:08215:30183;Eggenstein-Leopoldshafen;H8 Liedolsheimer Straße;8.433986;49.103397
de:08215:30184;Eggenstein-Leopoldshafen;H10 Leopoldshafener Allee;8.434049;49.104009
de:08215:30379;Eggenstein-Leopoldshafen;H5 Karlsruher Allee;8.430563;49.095169
de:08215:30822;Weingarten;Bruchsaler Straße;8.531794;49.054671
de:08215:31002;Ubstadt;Ubstadt Ort;8.625462;49.156711
de:08215:31004;Stettfeld;Stettfeld;8.643850;49.178972
de:08215:31005;Zeutern;Zeutern;8.677609;49.178162
de:08215:31007;Odenheim;Odenheim West;8.736736;49.182179
de:08215:31008;Odenheim;Odenheim;8.746465;49.178996
de:08215:31036;Oberöwisheim;Feuerwehrhaus;8.692036;49.150554
de:08215:31037;Oberöwisheim;Schule;8.689179;49.150660
de:08215:31038;Weingarten;Rudolf-Diesel-Str.;8.519245;49.057326
de:08215:3181;Ubstadt;Rathaus;8.630429;49.158445
de:08215:3182;Ubstadt;Stettfelder Straße;8.633564;49.162803
de:08215:3184;Zeutern;Abzw. Östringen;8.676001;49.177633
de:08215:3185;Zeutern;Zeutern Ost;8.702923;49.178984
de:08215:3186;Odenheim;Felsenkeller;8.737194;49.182255
de:08215:3188;Odenheim;Kirchstraße;8.750121;49.177334
de:08215:32001;Ubstadt;Salzbrunnenstraße;8.633142;49.155190
de:08215:32002;Unteröwisheim;Martin-Luther-Straße;8.662059;49.146488
de:08215:32003;Unteröwisheim;Unteröwisheim;8.668904;49.146359
de:08215:32004;Oberöwisheim;Oberöwisheim;8.686269;49.140136
de:08215:32005;Münzesheim;Münzesheim;8.716156;49.125970
de:08215:32006;Münzesheim;Münzesheim Ost;8.726513;49.121320
de:08215:32007;Gochsheim;Gochsheim;8.744345;49.109525
de:08215:32008;Bahnbrücken;Bahnbrücken;8.764826;49.119286
de:08215:32009;Menzingen;Menzingen;8.775193;49.136263
de:08215:32030;Blankenloch;Tolna-Platz;8.469397;49.060346
de:08215:32031;Blankenloch;Kirche;8.471428;49.064807
de:08215:32033;Blankenloch;Nord;8.467709;49.073270
de:08215:32036;Blankenloch;Schloss Stutensee;8.481803;49.089216
de:08215:32039;Staffort;Weingartener Straße;8.510459;49.090739
de:08215:32040;Staffort;Zollhausstraße;8.516388;49.093310
de:08215:32041;Staffort;Blankenlocher Straße;8.510118;49.093910
de:08215:32042;Spöck;Nord;8.514592;49.116034
de:08215:32043;Neuthard;Süd;8.518607;49.124812
de:08215:32044;Neuthard;Mitte;8.519442;49.126817
de:08215:32045;Neuthard;Nord;8.524105;49.133312
de:08215:32047;Karlsdorf;Rathaus;8.544721;49.136139
de:08215:32050;Karlsdorf;Turnhalle (Ersatzhalt);8.546131;49.133718
de:08215:32052;Spöck;Hochhaus;8.500425;49.111489
de:08215:32054;Spöck;Siedlungstraße;8.507809;49.117257
de:08215:32055;Spöck;Albert-Schweitzer-Straße;8.512256;49.115840
de:08215:32056;Friedrichstal;Leopoldshafener Straße;8.469164;49.096122
de:08215:32057;Friedrichstal;Heidelberger Ring;8.471526;49.100068
de:08215:32058;Spöck;Kirche;8.514340;49.110684
de:08215:32059;Neuthard;Büchenauer Str.;8.522515;49.122325
de:08215:32061;Friedrichstal;Rheinstraße;8.472856;49.108602
de:08215:32083;Mörsch;Leisbuckel;8.298726;48.958921
de:08215:32092;Flehingen;Flehingen;8.783529;49.084721
de:08215:32093;Sulzfeld;Sulzfeld;8.852583;49.108184
de:08215:32237;Blankenloch;Schulzentrum;8.475623;49.067344
de:08215:32238;Blankenloch;Rathaus;8.469748;49.066903
de:08215:32239;Blankenloch;Blankenloch;8.464843;49.066291
de:08215:32240;Karlsdorf;Kirche;8.537615;49.136345
de:08215:32242;Neudorf;Amalienstraße;8.493535;49.169811
de:08215:32244;Weingarten;Walzbachhalle;8.520260;49.049602
de:08215:32245;Weingarten;Waldbrücke;8.513945;49.066238
de:08215:32246;Weingarten;Uhlandplatz;8.517215;49.053576
de:08215:32247;Weingarten;Tabakschopf;8.525371;49.047712
de:08215:32250;Weingarten;Luisenstraße;8.530609;49.055448
de:08215:32251;Weingarten;Liverdunplatz;8.537067;49.053788
de:08215:32252;Weingarten;Kirche;8.531821;49.050921
de:08215:32253;Weingarten;Jöhlinger Straße;8.536025;49.052204
de:08215:32256;Weingarten;Bahnhof West;8.521059;49.059157
de:08215:32257;Weingarten;Bahnhof Ost;8.521589;49.057756
de:08215:32258;Weiher;Unterdorf;8.625920;49.183347
de:08215:32260;Weiher;Ortsmitte;8.621635;49.178538
de:08215:32261;Weiher;Oberdorf;8.616434;49.175214
de:08215:32262;Weiher;Heerstraße;8.618410;49.181356
de:08215:32263;Ubstadt;Schulzentrum;8.631328;49.163068
de:08215:32265;Hambrücken;Bastwald;8.546320;49.191584
de:08215:32266;Hambrücken;Schule;8.542547;49.183488
de:08215:32267;Untergrombach;Steigweg;8.560316;49.084144
de:08215:32268;Untergrombach;Joß-Fritz-Schule;8.548512;49.090528
de:08215:32269;Untergrombach;Im Sand;8.541891;49.090798
de:08215:32271;Untergrombach;Evangelische Kirche;8.555950;49.089551
de:08215:32272;Untergrombach;Bruchsaler Str.;8.553471;49.087004
de:08215:32274;Untergrombach;Bahnhof Ost;8.549536;49.086656
de:08215:32275;Obergrombach;Kirche;8.586205;49.076936
de:08215:32276;Obergrombach;Friedhof;8.588837;49.078437
de:08215:32278;Obergrombach;Alter Kindergarten;8.579854;49.077531
de:08215:32279;Helmsheim;Verwaltungsstelle;8.642907;49.085033
de:08215:32281;Helmsheim;Kurpfalzstraße;8.647300;49.086945
de:08215:32282;Büchenau;Verwaltungsstelle;8.527707;49.098369
de:08215:32283;Büchenau;Schule;8.530689;49.101562
de:08215:32284;Büchenau;Pfarrzentrum;8.529135;49.097451
de:08215:32285;Büchenau;Büchenau Mehrzweckhalle (Ersatz);8.530150;49.094663
de:08215:32287;Bruchsal;Im Wendelrot;8.568958;49.136862
de:08215:32293;Bruchsal;Eichelbergweg;8.585055;49.116411
de:08215:32294;Bruchsal;Friedhof;8.600435;49.118557
de:08215:32295;Bruchsal;Siemens Wohnheim;8.573270;49.114488
de:08215:32296;Spöck;Richard-Hecht-Schule;8.504989;49.112759
de:08215:32297;Bruchsal;SEW;8.575740;49.123019
de:08215:32299;Bruchsal;Paul-Gerhardt-Str.;8.575830;49.118316
de:08215:32300;Bruchsal;Stadtwerke;8.583591;49.123960
de:08215:32302;Bruchsal;Linkenheimer Weg;8.569524;49.127722
de:08215:32303;Bruchsal;Kändelweg;8.555420;49.132930
de:08215:32304;Bruchsal;Kübelmarkt;8.598207;49.122702
de:08215:32305;Bruchsal;Mozartweg;8.606480;49.132401
de:08215:32306;Bruchsal;Karlsruher Straße;8.586960;49.117434
de:08215:32307;Bruchsal;Kaiserstraße;8.596527;49.125982
de:08215:32308;Bruchsal;Justus-Knecht-Gymnasium;8.589790;49.120115
de:08215:32309;Bruchsal;Josef-Heid-Straße;8.568742;49.116328
de:08215:32311;Bruchsal;Industriestr./L558;8.573862;49.124883
de:08215:32312;Bruchsal;Hochstraße;8.596581;49.120244
de:08215:32314;Bruchsal;Hans-Thoma-Straße;8.606705;49.124077
de:08215:32316;Bruchsal;Germersheimer Str.;8.586870;49.130738
de:08215:32317;Bruchsal;Flüsselweg;8.590841;49.116328
de:08215:32318;Bruchsal;Flugplatz;8.564601;49.131584
de:08215:32319;Bruchsal;Florian-Geyer-Str.;8.571167;49.114735
de:08215:32321;Bruchsal;Eisweiher;8.575488;49.116399
de:08215:32324;Bruchsal;Bahnstadt;8.587813;49.124165
de:08215:32325;Bruchsal;Ernst-Blickle-Straße;8.579863;49.120203
de:08215:32326;Bruchsal;Drosselweg;8.613164;49.125923
de:08215:32327;Bruchsal;Bussardweg;8.612804;49.124295
de:08215:32328;Bruchsal;Eichenweg;8.568598;49.113524
de:08215:32329;Bruchsal;Alter Güterbahnhof;8.589987;49.126464
de:08215:32333;Bruchsal;Augsteiner;8.610226;49.127599
de:08215:32334;Bruchsal;Ärztehaus Südstadt;8.569551;49.112900
de:08215:32335;Bruchsal;Adolf-Bieringer-Str.;8.609732;49.126687
de:08215:32432;Blankenloch;Stutensee-Center;8.459947;49.080373
de:08215:32501;Rheinhausen;Ostenstraße;8.473278;49.277956
de:08215:32504;Oberhausen;Kirchplatz;8.482432;49.261022
de:08215:32505;Oberhausen;Schule;8.492466;49.255587
de:08215:32507;Oberhausen;Weiherweg;8.478722;49.266263
de:08215:32508;Waghäusel;Haslacher Straße;8.515679;49.248481
de:08215:32509;Waghäusel;Waghäusel;8.508420;49.247953
de:08215:32510;Waghäusel;Rathaus;8.518787;49.247689
de:08215:32511;Waghäusel;Verteilerzentrum;8.502428;49.247073
de:08215:32512;Wiesental;Einkaufszentrum;8.528722;49.212750
de:08215:32513;Wiesental;Karlsruher Straße;8.522182;49.223394
de:08215:32514;Wiesental;Marktplatz;8.518508;49.225963
de:08215:32515;Wiesental;Mannheimer Straße;8.513523;49.232035
de:08215:32516;Wiesental;Weinbrennerstraße;8.508142;49.239080
de:08215:32519;Wiesental;Friedhof;8.512400;49.227718
de:08215:32520;Kirrlach;Waldpark;8.537346;49.245161
de:08215:32521;Kirrlach;Schillerschule;8.545278;49.238845
de:08215:32523;Kirrlach;Kreuzstraße;8.552024;49.241103
de:08215:32524;Eichelberg;Brunnen;8.813057;49.188913
de:08215:32525;Östringen;Mühlhausener Straße;8.720288;49.224321
de:08215:32526;Kirrlach;Am Kreuz;8.549042;49.241936
de:08215:32528;Wiesental;Vollmerseckstraße;8.510370;49.235854
de:08215:32529;Östringen;Mitte;8.711673;49.218847
de:08215:32530;Östringen;Freibad;8.692970;49.214381
de:08215:32531;Östringen;Alte Post;8.704424;49.217380
de:08215:32532;Östringen;Oberdorf;8.717072;49.221141
de:08215:32533;Östringen;Mozartstraße;8.706544;49.216189
de:08215:32534;Tiefenbach;Ost;8.801451;49.176077
de:08215:32535;Tiefenbach;Rathaus;8.795198;49.175607
de:08215:32536;Tiefenbach;West;8.787347;49.176394
de:08215:32537;Odenheim;Eppinger Straße;8.755475;49.175149
de:08215:32538;Kirrlach;Fridolinstraße;8.542367;49.243777
de:08215:32539;Kirrlach;Heidelberger Straße;8.544101;49.249624
de:08215:32540;Mingolsheim;Bruchsaler Straße;8.652717;49.217239
de:08215:32541;Langenbrücken;Ochsen;8.647866;49.204199
de:08215:32542;Kirrlach;Kolpingstraße;8.539152;49.248803
de:08215:32543;Oberhausen;Marienkapelle;8.499221;49.257639
de:08215:32544;Langenbrücken;Südring;8.646024;49.199856
de:08215:32545;Bruchsal;Haydnstraße;8.603704;49.135011
de:08215:32546;Bruchsal;Krankenhaus/B3;8.601755;49.132048
de:08215:32547;Bruchsal;Schloss;8.599015;49.127728
de:08215:32550;Bruchsal;Käthe-Kollwitz-Schule;8.600524;49.128469
de:08215:32552;Bruchsal;Lebenshilfe;8.600803;49.133970
de:08215:32553;Bruchsal;Karl-Berberich-Schule;8.594443;49.138249
de:08215:32554;Zeutern;Sportplatz;8.670710;49.177980
de:08215:32555;Waghäusel;Gesundheitszentrum;8.506857;49.250122
de:08215:32559;Weiher;Hardtsee;8.618850;49.171103
de:08215:32560;Ubstadt;Stachus;8.628103;49.158356
de:08215:32561;Stettfeld;Löwenplatz;8.645099;49.181861
de:08215:32562;Forst;Bruchsaler Straße;8.586403;49.149755
de:08215:32563;Forst;Löwen;8.586538;49.152851
de:08215:32564;Forst;Kronauer Allee;8.582567;49.158198
de:08215:32565;Forst;Hambrücker Straße;8.578911;49.153075
de:08215:32566;Forst;Rasthof Ost;8.570449;49.155818
de:08215:32567;Forst;Rasthof West;8.564700;49.160835
de:08215:32568;Hambrücken;Prinz Carl;8.547218;49.182437
de:08215:32569;Hambrücken;Ortsmitte;8.544712;49.186682
de:08215:32570;Hambrücken;Hofäcker;8.548557;49.179219
de:08215:32573;Forst;Burgweg;8.582567;49.147892
de:08215:32574;Hambrücken;Kriegsstraße;8.538783;49.185778
de:08215:32576;Rheinsheim;Schule;8.409767;49.232540
de:08215:32580;Kronau;Mozartstraße;8.627186;49.220243
de:08215:32581;Kronau;Gewerbegebiet Heidig;8.623440;49.212263
de:08215:32582;Kronau;Bahnhofstraße;8.637948;49.221065
de:08215:32583;Rheinsheim;Große Rheinstraße;8.408914;49.235901
de:08215:32585;Graben-Neudorf;Graben-Neudorf;8.490616;49.161775
de:08215:32589;Philippsburg;Philippsburg;8.453856;49.231660
de:08215:32593;Bruchsal;Siemens;8.588882;49.127017
de:08215:32594;Tiefenbach;Kreuzbergsee;8.809464;49.179607
de:08215:32596;Mingolsheim;Volksbank;8.658834;49.218735
de:08215:32598;Odenheim;Schindelberg;8.755628;49.202245
de:08215:32599;Östringen;Ullrichsbruch;8.738964;49.207034
de:08215:32600;Östringen;Johann-Strauß-Straße;8.707334;49.214915
de:08215:32602;Philippsburg;Alter Messplatz;8.461321;49.238910
de:08215:32603;Ubstadt;Uhlandstraße;8.628785;49.162692
de:08215:32605;Rheinhausen;Tullahalle;8.474895;49.279931
de:08215:32606;Mörsch;Sonnenstraße;8.289195;48.966240
de:08215:32607;Flehingen;Schlossgartenhalle;8.787652;49.087998
de:08215:32608;Oberderdingen;Amthof;8.801307;49.060928
de:08215:32609;Großvillars;Wilfenberg;8.772381;49.050944
de:08215:32611;Karlsdorf;Kohlfahrtswiesen;8.546634;49.140994
de:08215:32612;Karlsdorf;Kolpingstraße;8.541649;49.140617
de:08215:32613;Östringen;Seniorenheim;8.712104;49.215561
de:08215:32614;Kronau;Ortsmitte;8.634499;49.220220
de:08215:32617;Bauerbach;Bauerbach;8.748189;49.073894
de:08215:32618;Zaisenhausen;Zaisenhausen;8.816650;49.104750
de:08215:32620;Rheinsheim;Schanzenäcker;8.417511;49.233161
de:08215:32621;Karlsdorf;Im Brühl;8.554001;49.140952
de:08215:32622;Hambrücken;Gesundheitszentrum;8.538990;49.188896
de:08215:32690;Hambrücken;Bachweg;8.539906;49.190633
de:08215:32703;Blankenloch;Lorenzstraße;8.461762;49.077089
de:08215:32704;Friedrichstal;Saint-Riquier-Platz;8.474365;49.100862
de:08215:32705;Friedrichstal;Parkstraße;8.472685;49.104950
de:08215:32708;Karlsdorf;Ostendstraße;8.550470;49.135575
de:08215:32714;Eggenstein-Leopoldshafen;H18 Casino;8.429566;49.093175
de:08215:32715;Kirrlach;Bruchsaler Straße;8.539098;49.241819
de:08215:32716;Forst;Kolpingstraße;8.581193;49.150119
de:08215:32717;Forst;Kinzigstraße;8.580124;49.154379
de:08215:32743;Friedrichstal;Mitte;8.475263;49.104362
de:08215:32753;Weingarten;Seniorenheim;8.547811;49.050762
de:08215:32831;Gölshausen;Industrie;8.739871;49.051833
de:08215:33079;Friedrichstal;Nord;8.476521;49.108872
de:08215:33097;Kirrlach;Hinterfeld;8.557244;49.239654
de:08215:33099;Mingolsheim;Rochus-Klinik;8.666057;49.219697
de:08215:33103;Mingolsheim;Schettler-Weil-Klinik;8.672327;49.216664
de:08215:33104;Kirrlach;Obere Bachstraße;8.542314;49.237414
de:08215:33105;Kirrlach;Taunusstraße;8.537364;49.238329
de:08215:33155;Oberhausen;Hammelsäcker;8.502617;49.250422
de:08215:33171;Langenbrücken;Polizei;8.648360;49.206371
de:08215:33173;Bruchsal;Saalbachcenter;8.589161;49.121796
de:08215:33187;Langenbrücken;Friedhof;8.650372;49.205455
de:08215:33189;Mingolsheim;Michael-Ende-Schule;8.655852;49.211852
de:08215:34500;Gochsheim;Krone;8.752007;49.103244
de:08215:34501;Gochsheim;Milchhaus;8.743419;49.105909
de:08215:34502;Gochsheim;Bauerbacher Straße;8.742593;49.101362
de:08215:34711;Mingolsheim;Kurpark;8.664997;49.216899
de:08215:34824;Oberhausen;Tonwerk;8.473682;49.268737
de:08215:34849;Oberhausen;Jahnstraße;8.481093;49.254432
de:08215:34854;Bruchsal;Eschenweg;8.566577;49.112201
de:08215:34860;Mingolsheim;Mingolsheim F.-J.-Mone-Schule (Ersatz);8.660370;49.215437
de:08215:34878;Ittersbach;Baumgartenstraße;8.508914;48.868547
de:08215:35102;Münzesheim;Karlsruher Straße;8.714188;49.122625
de:08215:37001;Ettlingen;Ettlingen Arndtstraße;8.405132;48.945925
de:08215:37210;Ettlingen;Adolf-Kolping-Str.;8.413226;48.945430
de:08215:37211;Ettlingen;Volkshochschule;8.409668;48.942946
de:08215:37212;Ettlingen;Rathaus;8.406416;48.942362
de:08215:37213;Ettlingen;Kaisereiche;8.419334;48.946261
de:08215:37214;Ettlingen;Schröderstraße;8.406291;48.950185
de:08215:37215;Ettlingen;Theodor-Heuss-Str.;8.405428;48.951742
de:08215:37216;Ettlingen;Breitscheidstraße;8.401736;48.951247
de:08215:37217;Ettlingen;Gabelsberger Straße;8.400703;48.948344
de:08215:37218;Ettlingen;Hebelweg;8.403183;48.946928
de:08215:37221;Ettlingen;Rudolf-Plank-Straße;8.368687;48.939624
de:08215:37222;Menzingen;Rathaus;8.772327;49.138901
de:08215:37223;Gochsheim;Kirche/Schule;8.747633;49.103785
de:08215:37224;Münzesheim;Schulzentrum;8.710739;49.121085
de:08215:37226;Oberöwisheim;Neuenwegstraße;8.688505;49.144449
de:08215:37227;Unteröwisheim;Schule;8.663353;49.137814
de:08215:37228;Unteröwisheim;Bruchsaler Straße;8.667503;49.142915
de:08215:37229;Mingolsheim;Thermarium;8.668257;49.219081
de:08215:37230;Mingolsheim;Schulzentrum;8.658268;49.216412
de:08215:37231;Odenheim;Schule;8.746680;49.176694
de:08215:37232;Tiefenbach;Schule;8.794093;49.177475
de:08215:37237;Menzingen;Schule;8.772121;49.142604
de:08215:37239;Unteröwisheim;Kirche;8.667934;49.143385
de:08215:37241;Menzingen;Heilbronner Str.;8.771016;49.139442
de:08215:37242;Unteröwisheim;Tankstelle;8.663568;49.144919
de:08215:37244;Menzingen;L553;8.764997;49.137379
de:08215:4515;Waldbronn;Freibad;8.479378;48.932908
de:08215:4516;Waldbronn;Ermlisgrund;8.479396;48.934803
de:08215:4520;Waldbronn;Eistreff;8.478048;48.933015
de:08215:4804;Ettlingen;Huttenkreuzstraße;8.408536;48.946014
de:08215:4805;Ettlingen;Friedhof;8.412480;48.947223
de:08215:4806;Ettlingen;Hedwigshof;8.429943;48.958166
de:08215:4809;Ettlingen;AfB-Zentrale;8.378380;48.934112
de:08215:4810;Ettlingen;Carl-Metz-Straße;8.382090;48.933923
de:08215:4811;Ettlingen;Stadtwerke;8.380617;48.937830
de:08215:6408;Neuburgweier;Mitte;8.267546;48.969708
de:08215:6409;Neuburgweier;Breslauer Straße;8.261500;48.967927
de:08215:7619;Eggenstein-Leopoldshafen;KIT-Campus Nord Südtor;8.428272;49.091333
de:08215:7702;Hochstetten (Link.);Waldstraße;8.422397;49.134852
de:08215:7703;Hochstetten (Link.);Mitte;8.414456;49.137320
de:08215:7704;Hochstetten (Link.);West;8.408752;49.140700
de:08215:7705;Liedolsheim;Festhalle;8.415274;49.159273
de:08215:7706;Liedolsheim;Mitte;8.415256;49.161564
de:08215:7707;Liedolsheim;Kirchfeld;8.416199;49.165828
de:08215:7708;Rußheim;Liedolsheimer Straße;8.425200;49.178362
de:08215:7709;Rußheim;Mitte;8.421850;49.184034
de:08215:7710;Rußheim;Rathaus;8.424742;49.186342
de:08215:7711;Rußheim;Huttenheimer Straße;8.427114;49.187486
de:08215:7713;Huttenheim;Kirche;8.465921;49.197079
de:08215:7714;Huttenheim;Philippsburger Str.;8.465274;49.202655
de:08215:7715;Huttenheim;Hebel;8.469173;49.219081
de:08215:7716;Philippsburg;Goodyear;8.466316;49.227184
de:08215:7717;Philippsburg;Dammstraße;8.462274;49.231988
de:08215:7718;Philippsburg;Schulzentrum;8.461205;49.235109
de:08215:7719;Philippsburg;Marktplatz;8.454378;49.236886
de:08215:7801;Karlsdorf;Bahnhofstraße;8.548108;49.142563
de:08215:7803;Graben;Katholische Kirche;8.481075;49.154955
de:08215:7804;Graben;Post;8.483492;49.159173
de:08215:7806;Neudorf;Polizei;8.495547;49.171925
de:08215:7807;Neudorf;Kirche;8.497155;49.174633
de:08215:7808;Neudorf;Festplatz;8.500802;49.171238
de:08215:7812;Graben;Bismarckstraße;8.474994;49.157475
de:08215:7813;Liedolsheim;Friedrichstraße;8.421607;49.158544
de:08215:8001;Waldprechtsweier;Lange Str.;8.328784;48.861521
de:08215:8002;Ettlingen;Pestalozzischule;8.385594;48.951813
de:08215:8003;Ettlingen;Liebfrauenkirche;8.383977;48.948545
de:08215:8004;Ettlingen;Bunsenstraße;8.390696;48.947772
de:08215:8006;Ettlingen;Kiefernweg;8.378443;48.948456
de:08215:8007;Ettlingen;Lärchenweg;8.377257;48.951429
de:08215:8008;Ettlingen;Buchenweg;8.380159;48.953465
de:08215:8009;Ettlingen;Josef-Stöhrer-Weg;8.384551;48.953506
de:08215:8010;Ettlingen;Zehntwiesenstraße;8.391028;48.945736
de:08215:8011;Ettlingen;Lindenweg;8.385243;48.947695
de:08215:8012;Ettlingen;Kleiner Plom;8.377095;48.955187
de:08215:8013;Malsch;Kesselstraße;8.336150;48.877245
de:08215:8015;Malsch;Neumalsch;8.309812;48.901007
de:08215:8016;Waldprechtsweier;Waldprechtsweier;8.332431;48.861917
de:08215:8017;Ettlingen;Ettlingen Pappelweg (Ersatzhalt);8.382539;48.950775
de:08215:8019;Malsch;Bahnhof (Industriegebiet);8.323268;48.890170
de:08215:8020;Ettlingen;Goethe-/Bachstraße;8.392385;48.941966
de:08215:8021;Malsch;Linde;8.326439;48.889993
de:08215:8022;Malsch;Boschstraße;8.319091;48.889963
de:08215:8023;Ettlingen;Firma Argus;8.367079;48.943046
de:08215:8024;Malsch;Hadermark;8.304521;48.906050
de:08215:8025;Malsch;Durmersheimer Straße;8.307548;48.902743
de:08215:8026;Malsch;Murgtaler Straße;8.306308;48.898001
de:08215:8027;Malsch;Fuchseck;8.300137;48.887624
de:08215:8028;Malsch;Weite Str.;8.334084;48.883005
de:08215:8029;Malsch;Stephanstraße;8.312498;48.890211
de:08215:8030;Malsch;Dieselstraße;8.309353;48.891257
de:08215:8031;Malsch;Heinrich-Hertz-Straße;8.303982;48.888770
de:08215:8101;Schluttenbach;Am Lindenbrunnen;8.405258;48.898899
de:08215:8103;Ettlingen;Schützenkreuz;8.419828;48.934496
de:08215:8104;Ettlingen;Wilhelmshöhe;8.425443;48.931946
de:08215:8105;Spessart;Rotes Haus;8.425937;48.913058
de:08215:8106;Spessart;Strauß;8.433016;48.913743
de:08215:8107;Spessart;Schottmüllerstraße;8.429279;48.911517
de:08215:8108;Spessart;Wasserwerk;8.427168;48.909598
de:08215:8109;Schöllbronn;Breuerstraße;8.421625;48.899619
de:08215:8110;Schluttenbach;Rathaus;8.406201;48.899088
de:08215:8111;Schöllbronn;Schule;8.420798;48.895202
de:08215:8112;Schöllbronn;Stefanienstraße;8.420134;48.892769
de:08215:8113;Schöllbronn;Schwimmbad;8.415534;48.888492
de:08215:8114;Schöllbronn;Rimmelsbacher Hof;8.409749;48.883359
de:08215:8115;Völkersbach;Dreschhalle;8.397110;48.871200
de:08215:8116;Völkersbach;Lamm;8.389609;48.871407
de:08215:8117;Völkersbach;Post;8.392933;48.870509
de:08215:8118;Völkersbach;Schwarzwaldstraße;8.396104;48.866810
de:08215:8122;Schöllbronn;Hinter der Kirche;8.420367;48.900505
de:08215:8125;Ettlingen;Carl-Orff-Schule;8.385261;48.950179
de:08215:8126;Ettlingen;Eichendorffgymnasium;8.401970;48.940580
de:08215:8127;Schöllbronn;Schluttenbacher Str.;8.415651;48.897145
de:08215:8128;Spessart;Brünnäckerweg;8.431641;48.912125
de:08215:8129;Völkersbach;Am Sportplatz;8.393005;48.864730
de:08215:8137;Ettlingen;Hallenbad;8.415939;48.938715
de:08215:8138;Schöllbronn;Schöllbronn Moosbronner Straße (Ersatz);8.417412;48.890867
de:08215:8200;Ettlingenweier;Bürgerhalle;8.386088;48.928665
de:08215:8201;Ettlingen;Horbachpark;8.401054;48.937647
de:08215:8203;Ettlingenweier;Seestraße;8.380491;48.926145
de:08215:8204;Ettlingenweier;Bahnhof Bruchhausen;8.374634;48.924197
de:08215:8205;Oberweier;Neuwiesenstraße;8.379422;48.916677
de:08215:8206;Oberweier;Am Haberacker;8.376637;48.914575
de:08215:8207;Sulzbach;Sulzbach;8.367232;48.897481
de:08215:8208;Malsch;Mozartstraße;8.336887;48.884647
de:08215:8209;Malsch;Adler;8.333554;48.883731
de:08215:8210;Malsch;Kreuzstraße;8.334650;48.880275
de:08215:8211;Malsch;Rathaus;8.336438;48.879472
de:08215:8212;Ettlingenweier;Im Stöck;8.374436;48.921570
de:08215:8213;Oberweier;Zentrum;8.380518;48.914805
de:08215:8214;Malsch;Freibad;8.334695;48.873192
de:08215:8301;Malsch;Malsch Süd;8.315911;48.887524
de:08215:8302;Bruchhausen;Am Sang;8.370205;48.926847
de:08215:8303;Bruchhausen;Oberfeld;8.363010;48.923890
de:08215:8305;Malsch;Am Hänfig;8.329907;48.886336
de:08215:8306;Malsch;Malsch;8.323376;48.889455
de:08215:8308;Völkersbach;Brunnen;8.395888;48.870178
de:08215:8309;Malsch;Hans-Thoma-Schule;8.325550;48.884653
de:08215:8310;Malsch;Heckenäcker;8.343669;48.874007
de:08215:8313;Malsch;Am Fischweier;8.321804;48.886401
de:08215:8320;Bruchhausen;Blütenstraße;8.367618;48.930725
de:08215:8321;Bruchhausen;Westring;8.365831;48.930890
de:08215:8322;Bruchhausen;Fère-Champenoise-Str.;8.361537;48.927113
de:08215:8323;Bruchhausen;Haselweg;8.359920;48.923955
de:08215:8403;Ettlingen;Realschule;8.396679;48.942580
de:08215:8404;Ettlingen;Einsteinstraße;8.381380;48.941258
de:08215:8405;Ettlingen;Zeppelinstraße;8.375056;48.941412
de:08215:8407;Ettlingen;Hertzstraße;8.382728;48.945725
de:08215:8408;Forchheim;Akazienweg;8.339088;48.962843
de:08215:8409;Forchheim;Schwarzwaldschule;8.315417;48.978535
de:08215:8502;Busenbach;Apotheke;8.462301;48.931787
de:08215:8503;Busenbach;Oberdorf;8.468679;48.932566
de:08215:8504;Busenbach;Rathausmarkt;8.471895;48.930087
de:08215:8505;Busenbach;Albtherme;8.471248;48.927219
de:08215:8506;Reichenbach;Friedenstraße;8.480950;48.926210
de:08215:8507;Reichenbach;Kulturtreff;8.476647;48.924770
de:08215:8511;Reichenbach;Kurhaus/Etzenroter Str.;8.475254;48.921140
de:08215:8512;Etzenrot;Strauß;8.467376;48.913011
de:08215:8513;Etzenrot;Feuerwehrhaus;8.465948;48.911145
de:08215:8514;Etzenrot;Esternaystraße;8.469173;48.909468
de:08215:8516;Busenbach;Ostendstraße;8.472326;48.933144
de:08215:8517;Etzenrot;Vogesenstraße;8.465984;48.909191
de:08215:8518;Reichenbach;Sportzentrum;8.478345;48.929621
de:08215:8519;Reichenbach;Monmouthplatz/Kurhaus;8.475317;48.922609
de:08215:8601;Langensteinbach;Schwimmbad;8.499518;48.905754
de:08215:8602;Langensteinbach;Volksbank;8.505806;48.912839
de:08215:8603;Langensteinbach;Schulzentrum;8.497883;48.912225
de:08215:8605;Langensteinbach;Hertzstraße;8.504171;48.920555
de:08215:8606;Langensteinbach;Kirche;8.505564;48.917822
de:08215:8607;Auerbach;Hailerstraße;8.528129;48.910561
de:08215:8608;Auerbach;Rathaus;8.531956;48.914056
de:08215:8611;Langensteinbach;Ittersbacher Straße;8.503435;48.909144
de:08215:8612;Langensteinbach;Aussiedlerhöfe;8.493373;48.935741
de:08215:8613;Auerbach;Rosenweg;8.534211;48.916027
de:08215:8614;Auerbach;Am Neubruch;8.533124;48.918235
de:08215:8615;Auerbach;Zehntstraße;8.529306;48.916051
de:08215:8616;Auerbach;Ahornweg;8.526899;48.912190
de:08215:8618;Langensteinbach;Wilferdinger Straße;8.507827;48.916759
de:08215:8620;Langensteinbach;Eisenbahnstraße;8.503021;48.917208
de:08215:8701;Langensteinbach;Klinikum;8.497335;48.902961
de:08215:8801;Ettlingen;Englerstraße;8.376709;48.946291
de:08215:8802;Ettlingen;Am Hardtwald;8.377958;48.957069
de:08215:8805;Ettlingen;Stadthalle;8.410737;48.941376
de:08215:90007;Ettlingen;Radisson Blu;8.377634;48.957305
de:08215:9001;Ettlingenweier;Scheibenhardter Straße;8.389178;48.930394
de:08215:9002;Ettlingenweier;Ettlinger Straße;8.388181;48.925360
de:08215:9003;Schluttenbach;Zellmarkstraße;8.400802;48.898916
de:08215:9004;Schluttenbach;Langenacker;8.400775;48.897109
de:08215:9005;Schöllbronn;Schwester-Baptista-Straße;8.415570;48.897635
de:08215:9006;Ettlingenweier;Keltergasse;8.389483;48.928700
de:08215:9007;Schluttenbach;Schönblick;8.397083;48.897960
de:08215:9012;Ettlingen;Piazza Menfi;8.396176;48.937488
de:08215:9014;Ettlingen;Sportpark;8.391361;48.940804
de:08215:9020;Berghausen;Berghausen Weiherstraße (Ersatzhalt);8.530653;49.007346
de:08215:9023;Ettlingen;Oberes Albgrün;8.411474;48.938898
de:08215:9302;Burbach;Burbach Speiglerstraße;8.438738;48.870545
de:08215:9303;Marxzell;Kirche (Ersatz);8.447326;48.860510
de:08215:9304;Pfaffenrot;Pforzheimer Straße;8.459687;48.860445
de:08215:9306;Schielberg;Lamm;8.448251;48.842990
de:08215:9307;Schielberg;Rathaus;8.450353;48.844521
de:08215:9308;Pfaffenrot;Im Neufeld;8.454952;48.861610
de:08215:9309;Schielberg;Wässergraben;8.446050;48.846987
de:08215:9312;Pfaffenrot;Carl-Benz-Schule;8.462355;48.857597
de:08215:9313;Pfaffenrot;Im Strietwälle;8.482297;48.853719
de:08215:9314;Pfaffenrot;Karlsruher Straße;8.457468;48.860936
de:08215:9315;Pfaffenrot;Schwarzenbusch;8.484246;48.853879
de:08215:9316;Pfaffenrot;Kirche;8.459902;48.859346
de:08215:99103;Graben-Neudorf;Zentrum;8.486411;49.162286
de:08215:99104;Staffort;Brühlstraße;8.512912;49.093269
de:08215:99912;Berghausen;Keplerstraße;8.529072;49.001666
de:08216:12001;Bühlertal;Geisloch;8.206263;48.685685
de:08216:12002;Bühlertal;Goldbergweg;8.204852;48.687921
de:08216:12003;Bühlertal;Obere Büchelbach;8.202526;48.686503
de:08216:12004;Bühlertal;Untere Büchelbach;8.198546;48.683894
de:08216:12005;Bühlertal;Hirschbach;8.195968;48.682731
de:08216:12006;Bühlertal;Parkdeck;8.192312;48.682530
de:08216:12007;Bühlertal;Oberer Haaberg;8.181245;48.681818
de:08216:12008;Bühlertal;Haaberg Mitte;8.184775;48.682435
de:08216:12009;Bühlertal;Sandgrube;8.186455;48.682085
de:08216:12010;Bühlertal;Breitmatt;8.191018;48.682257
de:08216:12012;Bühlertal;Eugen-Seelos-Weg;8.187722;48.668198
de:08216:12013;Bühlertal;Steckenhalt;8.190524;48.665576
de:08216:12014;Bühlertal;Boosweg;8.194477;48.665363
de:08216:12015;Bühlertal;Schwarzwasen;8.183661;48.671366
de:08216:12016;Bühlertal;Denni;8.196875;48.669213
de:08216:12017;Bühlertal;Wiedenbach;8.202400;48.668495
de:08216:12018;Bühlertal;Josef-Schofer Schule;8.195214;48.676367
de:08216:12019;Bühlertal;Franziska-Höll Schule;8.179071;48.695072
de:08216:12020;Bühlertal;Boschbrücke;8.176852;48.694058
de:08216:12021;Bühlertal;Klotzberg;8.167411;48.688122
de:08216:12022;Bühlertal;Oberer Mocken;8.172163;48.692220
de:08216:12023;Bühlertal;Wintereck;8.193426;48.702234
de:08216:12024;Bühlertal;Am Rebhang;8.190731;48.699151
de:08216:12025;Bühlertal;Liehenbachkapelle;8.185503;48.698037
de:08216:12026;Bühlertal;Friedhof Untertal;8.182386;48.696199
de:08216:12027;Bühlertal;Altes Feuerwehrhaus;8.189967;48.682298
de:08216:14811;Ottersweier;Schule;8.112416;48.666318
de:08216:14812;Breithurst;Kapelle;8.078271;48.684985
de:08216:1816;Rastatt;Fohlenweide;8.218785;48.873239
de:08216:1817;Halberstung;Schiftunger Straße;8.143857;48.759046
de:08216:1819;Durmersheim;Durmersheim;8.272621;48.928901
de:08216:1820;Bietigheim;Bietigheim;8.257925;48.910443
de:08216:1821;Ötigheim;Ötigheim;8.240489;48.888528
de:08216:1843;Muggensturm;Muggensturm;8.274382;48.876790
de:08216:1844;Rastatt;Rastatt;8.215246;48.860593
de:08216:1845;Rastatt;Bahnhof/Niederwaldstraße;8.215947;48.861645
de:08216:1850;Muggensturm;Badesee;8.286662;48.879980
de:08216:1867;Leiberstung;Leiboldstraße;8.100639;48.754326
de:08216:30000;Lautenbach;Festplatz;8.366513;48.755741
de:08216:30001;Lautenbach;Bürgerhaus;8.370268;48.757524
de:08216:30095;Kuppenheim;Feuerwehr;8.256622;48.830520
de:08216:30100;Halberstung;Schule;8.140309;48.760420
de:08216:30168;Bühlertal;Eichwaldstraße;8.195429;48.676847
de:08216:30169;Raumünzach;Siedlung;8.344316;48.636781
de:08216:30170;Hundsbach;Am Skihang;8.278487;48.617787
de:08216:30171;Hundsbach;Kapellenstraße 34;8.276799;48.610215
de:08216:30172;Hundsbach;Biberach;8.271966;48.607429
de:08216:30173;Hundsbach;Viehläger Wendeplatz;8.246427;48.609128
de:08216:30381;Durmersheim;Südliche Hauptstraße;8.266225;48.927721
de:08216:31009;Weitenung;Kirchstraße;8.126385;48.738428
de:08216:31010;Weitenung;Wiesenweg;8.128657;48.738250
de:08216:31040;Kartung;Tiefenauer Straße;8.161608;48.771552
de:08216:31041;Söllingen;Airpark Terminal (FKB);8.088098;48.778075
de:08216:31042;Söllingen;Airpark Verwaltung;8.100747;48.786327
de:08216:31045;Kartung;Am Markbach;8.172315;48.775015
de:08216:31046;Kartung;Kreuzstraße;8.170842;48.774518
de:08216:31047;Rastatt;Königsberger Str.;8.214177;48.864565
de:08216:31048;Rastatt;Westring Nord;8.194333;48.856196
de:08216:31049;Rastatt;Lessingstraße;8.193255;48.858862
de:08216:31050;Rastatt;Scheffelstraße;8.194243;48.861332
de:08216:31051;Rastatt;Schillerstraße;8.195878;48.862567
de:08216:31053;Rastatt;Im Steingerüst;8.233239;48.862886
de:08216:31054;Rastatt;Untere Wiesen;8.239042;48.861941
de:08216:31056;Kartung;Entenhof;8.152211;48.780035
de:08216:31063;Rastatt;Akazienstraße;8.187632;48.872932
de:08216:31800;Elchesheim-Illingen;Elchesheim Hammenweg;8.214168;48.932483
de:08216:31820;Müllhofen;Sandbachbrücke;8.137057;48.745394
de:08216:31824;Rastatt;Hardbergstraße;8.223510;48.860706
de:08216:31826;Rastatt;Lochfeldstraße;8.227697;48.855895
de:08216:31829;Rastatt;Agentur für Arbeit;8.210512;48.854198
de:08216:31830;Rastatt;Josefstraße;8.208356;48.853111
de:08216:31831;Rastatt;Kaufland;8.235835;48.859890
de:08216:31832;Eisental;Gasthaus Weinberg;8.165614;48.712768
de:08216:31833;Eisental;Traube;8.164338;48.712028
de:08216:31834;Bühl;Bußmatten II;8.130921;48.713083
de:08216:31835;Bühl;Bußmatten I;8.128819;48.715329
de:08216:31857;Kartung;Abzw. Winden;8.174256;48.772611
de:08216:31859;Selbach;Unterdorf;8.317914;48.780159
de:08216:31860;Selbach;Rennfeld;8.302427;48.780355
de:08216:31861;Selbach;Oberdorf;8.307683;48.781118
de:08216:31862;Bad Rotenfels;Schulzentrum Dachgrub;8.312758;48.814817
de:08216:31874;Rastatt;Stadionstraße;8.196462;48.836676
de:08216:31875;Wintersdorf;Abzw. Bahnhof;8.135341;48.843564
de:08216:31877;Rastatt;Münchfeldstraße;8.203101;48.838113
de:08216:31878;Rastatt;Münchfeldsiedlung;8.204340;48.839390
de:08216:31879;Rastatt;Donaustraße;8.200020;48.839301
de:08216:31881;Ottenau;Schwimmbad;8.338818;48.785552
de:08216:31892;Gaggenau;Winkel;8.312875;48.833672
de:08216:31894;Ottenau;Marxstraße;8.335521;48.790032
de:08216:31913;Iffezheim;Tullastraße;8.149903;48.819656
de:08216:31915;Iffezheim;Rennbahnstraße;8.142159;48.822560
de:08216:31916;Iffezheim;Karlstraße;8.138620;48.823583
de:08216:31917;Iffezheim;Industriegebiet;8.161796;48.815220
de:08216:31918;Iffezheim;Festhalle;8.141854;48.821052
de:08216:31919;Iffezheim;Bruchweg;8.146570;48.816320
de:08216:31942;Bad Rotenfels;Feuerwehr;8.305877;48.814930
de:08216:31951;Rastatt;EDEKA (Zentrallager);8.237389;48.856752
de:08216:31966;Ottenau;Badener Brücke;8.329934;48.792588
de:08216:31971;Scheuern;Schafhofweg;8.344576;48.758223
de:08216:31972;Gaggenau;Neuberg;8.309309;48.829539
de:08216:31973;Oberweier;Freiburger Straße;8.308680;48.844385
de:08216:31974;Weisenbach;Neudorf;8.365022;48.719442
de:08216:31975;Weisenbach;Kirchplatz;8.354197;48.728711
de:08216:31976;Weisenbach;Katz-Werke (Ersatzhalt);8.357386;48.723828
de:08216:31977;Sinzheim;Turnhalle;8.168579;48.760290
de:08216:31978;Sinzheim;Dr.-Ganther-Straße;8.164716;48.759129
de:08216:31979;Sinzheim;Katholische Kirche;8.164437;48.761397
de:08216:31980;Sinzheim;Goethestraße;8.170609;48.757335
de:08216:31981;Sinzheim;Fa. Wolman;8.170914;48.767437
de:08216:31982;Sinzheim;Matthäuskirche;8.165928;48.764447
de:08216:31983;Müllhofen;Müllhofen;8.138557;48.744559
de:08216:31984;Rauental;Bischweierer Str.;8.248358;48.856332
de:08216:31985;Rastatt;Rauentaler Straße;8.231514;48.860700
de:08216:31986;Rastatt;Niederbühler Tor;8.210889;48.849883
de:08216:31987;Rastatt;Lützowerstraße;8.206532;48.850380
de:08216:31988;Rastatt;Kehler Straße;8.203658;48.851993
de:08216:31989;Rastatt;Industriestraße;8.220878;48.856172
de:08216:31990;Rastatt;Gewerbepark;8.229556;48.853264
de:08216:31992;Rastatt;Friedrich-Ebert-Straße;8.207844;48.850646
de:08216:31993;Rastatt;Berliner Ring;8.229862;48.858891
de:08216:31994;Rastatt;Beinle;8.225172;48.852005
de:08216:31995;Niederbühl;Siedlung;8.221507;48.841199
de:08216:31996;Niederbühl;Murgtalstraße;8.219594;48.843901
de:08216:31997;Förch;Förch;8.232134;48.826954
de:08216:31998;Unzhurst;Schule;8.060538;48.688810
de:08216:31999;Rauental;Am Steinrössel (Ersatz);8.245825;48.856090
de:08216:3200;Reichental;Rathaus;8.391244;48.729943
de:08216:32000;Ottersweier;Münchhofstraße;8.125298;48.666644
de:08216:32010;Steinmauern;Silberaustraße;8.190282;48.897499
de:08216:32011;Steinmauern;Siedlung;8.196229;48.898172
de:08216:32012;Steinmauern;Rathaus;8.198744;48.899903
de:08216:32013;Steinmauern;Gartenstraße;8.205329;48.899832
de:08216:32014;Rastatt;Baldenau;8.204745;48.872825
de:08216:32015;Rastatt;Zaystraße;8.203846;48.868949
de:08216:32016;Rastatt;Richard-Wagner-Ring;8.207134;48.867301
de:08216:32017;Rastatt;Zay;8.203469;48.866627
de:08216:32018;Rastatt;Rheintorstraße;8.202113;48.861166
de:08216:32019;Rastatt;Fruchthalle;8.200460;48.859872
de:08216:32020;Rastatt;Kapellenstraße;8.205733;48.855688
de:08216:32021;Rastatt;SchlossGalerie;8.208024;48.858211
de:08216:32022;Rauental;Sportplatz (Ersatz);8.243390;48.854328
de:08216:32023;Rastatt;Anne-Frank-Schule;8.194387;48.863483
de:08216:32024;Rastatt;Bernhardusbrunnen;8.204448;48.855629
de:08216:32025;Rastatt;Schloss;8.204062;48.858276
de:08216:32048;Rastatt;Am Hasenwäldchen;8.203056;48.863867
de:08216:32063;Rastatt;Leopoldfeste;8.206613;48.846591
de:08216:32066;Rastatt;Tulla-Gymnasium;8.216917;48.865906
de:08216:32067;Rastatt;Danziger Straße;8.219756;48.867667
de:08216:32068;Ötigheim;Rastatter Straße;8.233976;48.887913
de:08216:32069;Ötigheim;Rathausstraße;8.231919;48.893223
de:08216:32070;Ötigheim;Tell;8.237057;48.890069
de:08216:32071;Bietigheim;Schneidergarten;8.250801;48.904219
de:08216:32072;Bietigheim;Badenstraße;8.254862;48.913837
de:08216:32073;Elchesheim-Illingen;Elchesheim Hirsch;8.211518;48.928942
de:08216:32074;Elchesheim-Illingen;Elchesheim Friedhof;8.217294;48.931521
de:08216:32075;Au am Rhein;Industriegebiet;8.246534;48.945253
de:08216:32076;Würmersheim;Rathausplatz;8.251394;48.937069
de:08216:32078;Durmersheim;Würmersheimer Str.;8.265641;48.933823
de:08216:32079;Durmersheim;Rastatter Straße;8.265965;48.925141
de:08216:32080;Durmersheim;Chennevieresplatz;8.270870;48.931640
de:08216:32081;Durmersheim;Speyerer Straße;8.273529;48.937175
de:08216:32082;Durmersheim;Hans-Thoma-Straße;8.278218;48.942468
de:08216:32084;Würmersheim;Kirche;8.252032;48.936709
de:08216:32085;Bietigheim;Krone;8.253927;48.912444
de:08216:32087;Unzhurst;Kapelle;8.063296;48.692505
de:08216:32088;Durmersheim;Gymnasium;8.266468;48.935829
de:08216:32089;Durmersheim;Raiffeisenplatz;8.279260;48.938739
de:08216:32091;Bietigheim;Rheinstraße;8.247621;48.909031
de:08216:32095;Ottersweier;Maria Linden;8.117931;48.672286
de:08216:32096;Bietigheim;Bietigheim Sofienstraße (Ersatz);8.252014;48.907608
de:08216:32097;Ottersweier;Kirche;8.110925;48.668596
de:08216:32099;Hub;Hub;8.137048;48.665297
de:08216:32100;Hatzenweier;Abzw. Hatzenweier;8.106891;48.679564
de:08216:32101;Haft;Brücke Haft;8.117923;48.657507
de:08216:32102;Breithurst;Abzw. Breithurst;8.077974;48.682607
de:08216:32103;Ottersweier;Seebühl;8.103945;48.675003
de:08216:32104;Muggensturm;Hauptstraße;8.274553;48.873558
de:08216:32105;Ottersweier;Am Notbach;8.107673;48.671082
de:08216:32107;Loffenau;Schönblick;8.378847;48.772564
de:08216:32108;Loffenau;Obere Dorfstraße;8.389816;48.774026
de:08216:32109;Loffenau;Marktplatz;8.382548;48.773979
de:08216:32110;Loffenau;Breitenackerweg;8.393229;48.774435
de:08216:32111;Oberndorf;EKZ;8.277679;48.828433
de:08216:32112;Oberndorf;Abzw. B462;8.281910;48.827634
de:08216:32113;Kuppenheim;Wörtel;8.262668;48.828155
de:08216:32114;Kuppenheim;Rathaus;8.254682;48.828362
de:08216:32115;Kuppenheim;Friedhof;8.252266;48.823897
de:08216:32116;Kuppenheim;Cuppamare;8.266225;48.829686
de:08216:32117;Kuppenheim;Abzw. Favorite;8.249068;48.828048
de:08216:32118;Staufenberg;Sternen;8.299688;48.765974
de:08216:32119;Staufenberg;Mitte;8.308689;48.766626
de:08216:32121;Staufenberg;Erdbeerweg;8.315103;48.765773
de:08216:32122;Scheuern;Sternen;8.347397;48.755895
de:08216:32123;Scheuern;Schule;8.350865;48.755179
de:08216:32124;Gernsbach;Abzw. Scheuern;8.340202;48.760201
de:08216:32125;Reichental;Johannesplatz;8.388854;48.728551
de:08216:32126;Obertsrot;Siedlung;8.348754;48.749185
de:08216:32127;Obertsrot;Brücke;8.347325;48.745441
de:08216:32129;Kaltenbronn (Schw);Infozentrum;8.434183;48.706189
de:08216:32131;Hilpertsau;Ochsen;8.345960;48.740074
de:08216:32132;Hilpertsau;Abzw. Reichental;8.350433;48.734138
de:08216:32133;Gernsbach;Weinbergstraße;8.330446;48.765554
de:08216:32136;Rastatt;Zum Rohngraben;8.205652;48.842517
de:08216:32139;Gernsbach;Rathaus;8.337516;48.763067
de:08216:32140;Gernsbach;Casimir-Katz-Straße;8.326350;48.764855
de:08216:32142;Gernsbach;Gernsbach;8.336698;48.768289
de:08216:32143;Oberweier;Sportplatz;8.305239;48.847052
de:08216:32144;Oberweier;Kirche;8.309264;48.847448
de:08216:32145;Niederweier;Ortsstraße;8.298304;48.847737
de:08216:32146;Moosbronn;Kirche;8.387121;48.838184
de:08216:32147;Michelbach;Wiesental;8.349104;48.816746
de:08216:32148;Michelbach;Mühlplatz;8.359785;48.817615
de:08216:32149;Michelbach;Kirche;8.351008;48.817964
de:08216:32150;Michelbach;Feldstraße;8.354988;48.817053
de:08216:32151;Ötigheim;Fichtenstraße;8.239483;48.893696
de:08216:32152;Hörden;Flößerhalle (Ersatzhalt);8.343516;48.782539
de:08216:32153;Obertsrot;Obertsrot;8.347469;48.745951
de:08216:32154;Ötigheim;Morgenstraße;8.234407;48.893536
de:08216:32155;Gaggenau;Waldfriedhof;8.333249;48.803482
de:08216:32156;Gaggenau;Rathaus;8.321696;48.802589
de:08216:32157;Gaggenau;Michelbacher Straße;8.327796;48.801346
de:08216:32158;Gaggenau;Mercedes-Benz Werk;8.327428;48.798056
de:08216:32160;Gaggenau;Gaggenau;8.320079;48.805358
de:08216:32161;Freiolsheim;Friedhof;8.380231;48.839810
de:08216:32164;Gaggenau;Baden-Badener-Straße;8.308662;48.795654
de:08216:32168;Gaggenau;Eckenerstraße;8.315911;48.799092
de:08216:32169;Bad Rotenfels;Glasersteg;8.315130;48.808399
de:08216:32171;Langenbrand;Wolfsheck;8.352985;48.698458
de:08216:32173;Langenbrand;Rathaus;8.362525;48.702916
de:08216:32174;Hundsbach;Viehläger Abzw. Biberkessel;8.256191;48.607619
de:08216:32175;Hundsbach;Kirche;8.279772;48.613838
de:08216:32176;Hundsbach;Brücke;8.272082;48.619343
de:08216:32177;Hundsbach;Aschenplatz;8.262282;48.624022
de:08216:32178;Herrenwies;Dorfplatz;8.266180;48.659008
de:08216:32179;Herrenwies;Jugendherberge;8.258500;48.659388
de:08216:32180;Gausbach;Rathaus;8.363136;48.685282
de:08216:32181;Gausbach;Montana;8.359345;48.691888
de:08216:32182;Raumünzach;Schwarzenbachtalsperre;8.327886;48.653288
de:08216:32183;Forbach;Schindelbronn;8.316306;48.631860
de:08216:32184;Raumünzach;Raumünzach;8.351440;48.644955
de:08216:32185;Forbach;Rathaus;8.358752;48.678277
de:08216:32186;Forbach;Pandurenbronn;8.298169;48.624984
de:08216:32187;Kirschbaumwasen;Kirschbaumwasen;8.355751;48.623084
de:08216:32188;Forbach;Holdereck;8.352787;48.666003
de:08216:32189;Forbach;Hochries;8.287066;48.620020
de:08216:32190;Erbersbronn;Erbersbronn;8.325838;48.635636
de:08216:32191;Forbach;Forbach;8.361438;48.680590
de:08216:32192;Raumünzach;Wasserfall;8.339384;48.639227
de:08216:32193;Bühlertal;Schönbüch;8.187856;48.676403
de:08216:32194;Bühlertal;Schwimmbad;8.186141;48.687209
de:08216:32195;Bühlertal;Schindelpeter;8.195735;48.673965
de:08216:32196;Bühlertal;Post;8.190776;48.683698
de:08216:32197;Bühlertal;Lochweg;8.187632;48.673763
de:08216:32198;Bühlertal;Liehenbachstr./Seniorenzentrum;8.179969;48.694918
de:08216:32199;Bühlertal;Geiserschmiede;8.181658;48.689605
de:08216:32200;Bühlertal;Gertelbachstraße;8.200720;48.670429
de:08216:32201;Bühlertal;Friedhof Obertal;8.190857;48.677494
de:08216:32202;Bühlertal;Eichwald;8.196229;48.677002
de:08216:32203;Bühlertal;Buchkopf;8.183850;48.674457
de:08216:32204;Bühlertal;Bosch;8.175882;48.694135
de:08216:32205;Bühlertal;Adlergasse;8.174876;48.695422
de:08216:32206;Weitenung;Tankstelle Huck;8.129780;48.739298
de:08216:32207;Waldmatt;Waldmatt;8.150406;48.669575
de:08216:32208;Weitenung;Gottesacker;8.132125;48.741781
de:08216:32210;Hundseck;Hundseck;8.231254;48.645323
de:08216:32211;Neusatz;Wörth;8.166458;48.660046
de:08216:32212;Neusatz;Rathaus (Drei-Tore);8.147863;48.658990
de:08216:32213;Neusatz;Löwen;8.144234;48.661286
de:08216:32214;Neusatz;Laube;8.156784;48.657928
de:08216:32215;Neusatz;Friedhof;8.145698;48.661607
de:08216:32216;Neusatz;Bach;8.162569;48.658616
de:08216:32218;Bühlerhöhe;Bühlerhöhe/Plättig;8.232368;48.670471
de:08216:32219;Bühl;Tankstelle Jäger;8.132646;48.690577
de:08216:32220;Herrenwies;Schwallung;8.290076;48.655264
de:08216:32221;Bühl;Rathaus;8.135143;48.695985
de:08216:32223;Bühl;Klostergarten;8.139509;48.701440
de:08216:32225;Bühl;Gymnasium;8.129098;48.692279
de:08216:32226;Bühl;Erich-Burger-Heim;8.142662;48.694028
de:08216:32227;Bühl;Bühl;8.129915;48.696928
de:08216:32228;Ottersweier;Schwarzwaldstraße;8.120285;48.667748
de:08216:32229;Altschweier;Tankstelle;8.167204;48.699151
de:08216:32230;Altschweier;Kirche;8.161320;48.698191
de:08216:32231;Altschweier;Grautenbach;8.151915;48.696311
de:08216:32232;Eisental;Abzw. Affental;8.157080;48.709218
de:08216:32233;Bischweier;Rathaus;8.282754;48.837131
de:08216:32234;Bischweier;Murgtalstraße Süd;8.288540;48.834269
de:08216:32235;Bischweier;Kirche;8.284767;48.837740
de:08216:32236;Bischweier;Bahnhofstraße;8.280149;48.834979
de:08216:32338;Rastatt;Oranger Platz;8.198942;48.861539
de:08216:32367;Eisental;Rebstock;8.147127;48.713154
de:08216:32377;Weitenung;Friedhof;8.133751;48.737545
de:08216:32423;Unzhurst;Zell Wiesenweg;8.064104;48.694058
de:08216:32610;Rastatt;Handelslehranstalt;8.209164;48.868896
de:08216:32616;Bietigheim;Ötigheimer Weg;8.247612;48.906073
de:08216:32712;Michelbach;Moosbronner Straße;8.350550;48.821141
de:08216:32718;Rastatt;Realschule;8.208724;48.848287
de:08216:32752;Bühl;Rheintalschule;8.117617;48.696809
de:08216:32768;Bad Rotenfels;Eichelbergstraße;8.307746;48.820922
de:08216:32825;Bad Rotenfels;Schloss;8.296759;48.820324
de:08216:32826;Bad Rotenfels;Weinbrennerstraße;8.312156;48.811499
de:08216:32827;Ottenau;Ottenau;8.338109;48.792973
de:08216:32828;Hörden;Hörden;8.345160;48.781586
de:08216:32829;Gernsbach;Gernsbach Mitte;8.339097;48.762860
de:08216:32830;Weisenbach;Au im Murgtal;8.362300;48.718796
de:08216:32834;Bischweier;Winkelberg;8.291881;48.834807
de:08216:32998;Gausbach;Gausbach;8.362444;48.686634
de:08216:33007;Iffezheim;Einkaufszentrum;8.151043;48.819100
de:08216:33081;Bühl;Fridolin-Stiegler-Straße;8.129385;48.706355
de:08216:33082;Neusatz;Rathaus;8.148241;48.658901
de:08216:33110;Rastatt;Stadtfriedhof;8.211814;48.863164
de:08216:33111;Rastatt;Lyzeumstraße;8.207655;48.860723
de:08216:33112;Rastatt;Krankenhaus;8.204808;48.861190
de:08216:33113;Rastatt;Marktplatz;8.202589;48.857437
de:08216:33115;Rastatt;Bahnhofstraße;8.210530;48.859128
de:08216:33117;Sand;Mehliskopf;8.240947;48.656943
de:08216:33118;Kirschbaumwasen;Kaltenbach;8.356317;48.633706
de:08216:33124;Ottersweier;Hard;8.137389;48.666781
de:08216:33150;Rastatt;Dreherstraße;8.200855;48.857455
de:08216:33154;Niederbühl;Schule;8.217411;48.844119
de:08216:33162;Unzhurst;Hornisgrindestraße;8.058490;48.686177
de:08216:33165;Steinmauern;Kirche;8.200657;48.900552
de:08216:33166;Steinmauern;Elchesheimer Straße;8.196345;48.903021
de:08216:33169;Würmersheim;Badener Straße;8.259236;48.934655
de:08216:33500;Sand;Kapelle;8.237345;48.657109
de:08216:34499;Leiberstung;Weitenunger Straße;8.096183;48.750387
de:08216:34503;Steinmauern;Karl-Späth-Straße;8.193094;48.899849
de:08216:34598;Schwarzach;Leislingstraße;8.040389;48.747882
de:08216:34600;Bühl;Krankenhaus;8.139779;48.686272
de:08216:34601;Rittersbach;Haus Roth;8.143578;48.677405
de:08216:34602;Waldmatt;Wolfhagweg;8.148717;48.671930
de:08216:34603;Waldmatt;Panoramastraße;8.147639;48.669142
de:08216:34604;Neusatz;Im Heizler;8.146166;48.656806
de:08216:34605;Neusatz;Dreiröhrenbrunnen;8.153172;48.655038
de:08216:34606;Neusatz;Tannenweg;8.157053;48.655501
de:08216:34607;Neusatz;Kirchbühlstraße;8.158149;48.657370
de:08216:34608;Neusatz;Kloster;8.172360;48.663755
de:08216:34609;Neusatz;Immenstein;8.182062;48.666508
de:08216:34610;Ottersdorf;Schule;8.150504;48.859204
de:08216:34611;Ottersdorf;Friedrichstraße;8.161158;48.858596
de:08216:34612;Ottersdorf;Kirche;8.153819;48.860942
de:08216:34613;Rastatt;Leopoldring;8.200612;48.853672
de:08216:34614;Rastatt;Mercedes-Benz Tor 6;8.178181;48.855026
de:08216:34615;Rastatt;Ottersdorfer Straße;8.196471;48.855304
de:08216:34616;Wintersdorf;Bannwaldstraße;8.136059;48.846242
de:08216:34617;Wintersdorf;Schule;8.139985;48.845680
de:08216:34618;Wintersdorf;Kirche;8.138970;48.847069
de:08216:34620;Rauental;Kirche;8.248591;48.857620
de:08216:34621;Rastatt;Im Wöhr;8.228900;48.862768
de:08216:34622;Rastatt;Carl-Benz-Straße;8.190039;48.864996
de:08216:34623;Plittersdorf;Bühlstraße;8.155625;48.887305
de:08216:34624;Plittersdorf;Freizeitparadies;8.150585;48.873617
de:08216:34625;Rastatt;Gärtnerei Klingmann;8.173340;48.878586
de:08216:34626;Rastatt;Mercedes-Benz Tor 1;8.185386;48.870373
de:08216:34627;Plittersdorf;Rödereckring;8.157942;48.882851
de:08216:34628;Plittersdorf;Blumenstraße;8.157547;48.885249
de:08216:34630;Rastatt;Stadtpark;8.201780;48.847489
de:08216:34631;Greffern;Mittelstraße;8.004070;48.752004
de:08216:34632;Grauelsbaum;Salmen;7.982735;48.735827
de:08216:34633;Greffern;Volksbank;8.008633;48.752662
de:08216:34634;Hügelsheim;Grüner Baum;8.109954;48.796814
de:08216:34635;Hügelsheim;Nord;8.113575;48.798281
de:08216:34636;Lichtenau;Hirsch;8.003118;48.724806
de:08216:34637;Lichtenau;Schwanen;8.009101;48.727496
de:08216:34638;Lichtenau;Sommerfeldstraße;8.002363;48.723259
de:08216:34639;Muckenschopf;Muckenschopf;7.987236;48.694444
de:08216:34640;Rastatt;Merzeau;8.195645;48.843162
de:08216:34641;Schwarzach;Bahnhof;8.046839;48.744369
de:08216:34642;Scherzheim;Blume;7.994395;48.710771
de:08216:34643;Schwarzach;Hauptstraße;8.045195;48.747064
de:08216:34644;Stollhofen;Krone;8.048177;48.764458
de:08216:34645;Söllingen;Kirche;8.060601;48.778727
de:08216:34647;Rastatt;Am Köpfel;8.195771;48.869511
de:08216:34648;Rastatt;Josef-Kilmarx-Straße;8.190147;48.872329
de:08216:34649;Rastatt;Lindenstraße;8.191126;48.869434
de:08216:34650;Rastatt;Oberwaldstraße;8.193677;48.867602
de:08216:34651;Rastatt;Röttererbergstraße;8.213045;48.868411
de:08216:34652;Rastatt;Rheinauer Gärtle;8.195771;48.876630
de:08216:34653;Rastatt;Rheinauer Ring;8.189366;48.875165
de:08216:34654;Rastatt;Rheinauer Kirchweg;8.193875;48.871378
de:08216:34655;Rastatt;Gustav-Heinemann-Schule;8.198097;48.873540
de:08216:34656;Rastatt;Richard-Strauss-Straße;8.215812;48.871602
de:08216:34657;Rastatt;Waldfriedhof;8.222702;48.870031
de:08216:34658;Rastatt;Dr.-Schleyer-Straße;8.189464;48.866964
de:08216:34659;Bühl;Krankenhaus (Robert-Koch-Str.);8.140362;48.686675
de:08216:34663;Neusatz;Sommerseite;8.176115;48.664609
de:08216:34664;Rastatt;Forum Rastatt;8.224076;48.866609
de:08216:34665;Rastatt;Karlsruher Straße;8.220438;48.865055
de:08216:34667;Rastatt;Mercedes-Benz Rohbau;8.186069;48.864204
de:08216:34668;Rastatt;Mercedes-Benz Oberfläche;8.184443;48.861958
de:08216:34669;Rastatt;Mercedes-Benz Montage 4.0;8.180760;48.856923
de:08216:34670;Langenbrand;Langenbrand;8.355608;48.702365
de:08216:34671;Bermersbach/Murgtal;Rathaus;8.342645;48.693009
de:08216:34672;Forbach;Klingenbach;8.357647;48.681942
de:08216:34673;Forbach;Schule;8.358006;48.680863
de:08216:34674;Sulzbach;Oberdorf;8.362183;48.807257
de:08216:34675;Sulzbach;Unterdorf;8.357135;48.805482
de:08216:34676;Ottenau;Sulzbacher Straße;8.333617;48.794914
de:08216:34677;Ottenau;Merkurschule;8.335917;48.788949
de:08216:34679;Rastatt;Mercedes-Benz Montage 4.1;8.175190;48.860162
de:08216:34680;Stollhofen;Leiberstunger Str.;8.051717;48.766122
de:08216:34681;Leiberstung;Jägerstraße;8.104735;48.757376
de:08216:34682;Weitenung;Ottenhofen;8.130077;48.734043
de:08216:34683;Vimbuch;Apotheke;8.113242;48.722216
de:08216:34684;Vimbuch;Rathaus;8.115731;48.717635
de:08216:34685;Vimbuch;Oberhof;8.114886;48.713640
de:08216:34686;Bühl;Industriegebiet;8.125468;48.703053
de:08216:34687;Bühl;Rheinstraße;8.134784;48.698837
de:08216:34688;Weitenung;Pfarrhaus;8.127391;48.740199
de:08216:34689;Oberbruch;Seestraße;8.087892;48.728877
de:08216:34690;Oberbruch;Rathaus;8.087775;48.725309
de:08216:34692;Balzhofen;Kirche;8.091431;48.712199
de:08216:34693;Moos;Weiherstraße;8.061472;48.717036
de:08216:34694;Moos;Mooser Straße;8.063826;48.718020
de:08216:34695;Hildmannsfeld;Denkmal;8.058562;48.734185
de:08216:34696;Ulm;Rathaus;8.013430;48.727217
de:08216:34701;Oberweier;Alte Schule;8.109775;48.700740
de:08216:34702;Winden;Winden Schulhof;8.183293;48.766229
de:08216:34703;Sinzheim;Grundschule;8.164940;48.760988
de:08216:34704;Sinzheim;LvK-Schule;8.164419;48.755765
de:08216:34705;Kartung;Schule;8.167348;48.772037
de:08216:34706;Schiftung;Kirche;8.097001;48.767567
de:08216:34709;Plittersdorf;Riedstraße;8.152984;48.881185
de:08216:34713;Bühl;Robert-Koch-Str./Bachschlossweg;8.139967;48.689783
de:08216:34714;Rittersbach;Gasthaus Blume;8.137362;48.680371
de:08216:34715;Rittersbach;Haus Schneider;8.144872;48.678188
de:08216:34716;Riegel;Café Jägersteig;8.159065;48.677014
de:08216:34717;Riegel;Burg Windeck;8.158320;48.672037
de:08216:34718;Riegel;Gasthaus Rebstock;8.154538;48.678069
de:08216:34719;Riegel;Haus König;8.150783;48.681065
de:08216:34720;Kappelwindeck;Einsiedelhof;8.147387;48.686147
de:08216:34721;Kappelwindeck;Schreinerei Rapp;8.147100;48.689202
de:08216:34722;Kappelwindeck;Haus Seifried;8.149786;48.688104
de:08216:34723;Kappelwindeck;Brombachweg;8.155409;48.688176
de:08216:34724;Kappelwindeck;Klotzbergstraße;8.153622;48.690708
de:08216:34725;Vimbuch;Tullaschule;8.110754;48.720159
de:08216:34726;Kappelwindeck;Kirchplatz;8.145671;48.691983
de:08216:34727;Kappelwindeck;Bachschlossschule;8.143713;48.690441
de:08216:34730;Bühl;A.-Stifter-Straße;8.131227;48.691817
de:08216:34731;Bühl;Martin-Luther-Str./Arndtstr.;8.125307;48.691135
de:08216:34732;Bühl;Siemensstraße;8.122154;48.696288
de:08216:34733;Bühl;Kirchgassweg;8.124175;48.698102
de:08216:34734;Bühl;Beethoven-/Robert-Schumann-Str;8.124849;48.700586
de:08216:34735;Bühl;O.-Haefelin-/P.-Fischer-Str.;8.127139;48.700515
de:08216:34736;Bühl;Arndtstr./Berliner Str.;8.129178;48.690061
de:08216:34737;Plittersdorf;Schulstraße;8.154196;48.883619
de:08216:34738;Bühl;Im Grün;8.136230;48.700450
de:08216:34739;Weitenung;Canadastraße;8.132709;48.734950
de:08216:34740;Weitenung;Yburgstraße;8.135179;48.736289
de:08216:34741;Weitenung;Witstunger Straße;8.130741;48.743137
de:08216:34742;Weitenung;Alte Post;8.128244;48.741147
de:08216:34743;Bühl;Draisstraße;8.116027;48.688033
de:08216:34744;Eisental;Auerhahn;8.160215;48.706811
de:08216:34745;Eisental;Kapelle;8.152741;48.712146
de:08216:34747;Bühl;Industriestraße;8.126043;48.705868
de:08216:34748;Bühl;Robert-Bosch-Straße;8.118417;48.689184
de:08216:34749;Bühl;Dieselstraße;8.126915;48.709633
de:08216:34750;Vimbuch;Werkstraße;8.120842;48.718944
de:08216:34754;Neusatz;Unterstmatt;8.206730;48.629461
de:08216:34758;Bühlertal;Abzw. Burg Windeck;8.182269;48.669047
de:08216:34759;Bühlertal;Wiedenfelsen;8.220672;48.660420
de:08216:34761;Bühl;Rheintalstraße;8.120959;48.696792
de:08216:34762;Bad Rotenfels;Bahnhof/Rotherma;8.303137;48.815829
de:08216:34763;Kuppenheim;Kuppenheim;8.256137;48.834116
de:08216:34764;Bischweier;Bischweier;8.277517;48.832176
de:08216:34765;Bühl;Am Froschbächle;8.131622;48.707339
de:08216:34766;Hilpertsau;Hilpertsau;8.348646;48.739980
de:08216:34767;Plittersdorf;Fähre;8.137488;48.887039
de:08216:34768;Weisenbach;Weisenbach;8.355329;48.727472
de:08216:34776;Vimbuch;Vimbuch-Center;8.109766;48.724545
de:08216:34777;Kaltenbronn (Schw);Orgelfelsenhaus;8.415786;48.735347
de:08216:34778;Kaltenbronn (Schw);Rankhütte;8.413837;48.738943
de:08216:34779;Kaltenbronn (Schw);Kreuzle;8.423655;48.724930
de:08216:34780;Kaltenbronn (Schw);Schwarzmisshütte;8.425434;48.713924
de:08216:34781;Staufenberg;Neuhaus;8.294513;48.766827
de:08216:34782;Loffenau;Käppele;8.402266;48.784889
de:08216:34783;Freiolsheim;Mayersbild;8.366010;48.832785
de:08216:34784;Raumünzach;Obere Fallbrücke;8.333725;48.651003
de:08216:34786;Hügelsheim;Schwarzwaldstraße;8.114239;48.795630
de:08216:34787;Hochfeld;Tennisplätze;8.115371;48.787238
de:08216:34788;Hochfeld;Ahornbrunnen;8.112030;48.787369
de:08216:34789;Hardtwald;Schule Hardtwald;8.109604;48.786380
de:08216:34790;Söllingen;Airpark Eisstadion;8.097692;48.781917
de:08216:34792;Hardtwald;Victoriastraße;8.106271;48.786061
de:08216:34794;Moos;Kindergarten;8.065209;48.719075
de:08216:34796;Gaggenau;Altenheim;8.313603;48.803151
de:08216:34797;Rastatt;Mercedes-Benz QM;8.178343;48.863974
de:08216:34798;Rastatt;Mercedes-Benz Halle 2.1;8.179367;48.865941
de:08216:34799;Gaggenau;Neuapostolische Kirche;8.307072;48.806257
de:08216:34800;Bad Rotenfels;Thermalbad;8.302751;48.808440
de:08216:34801;Rastatt;Mercedes-Benz Tor 7;8.172738;48.856456
de:08216:34805;Gaggenau;Waldseebad;8.297568;48.798394
de:08216:34807;Vimbuch;TÜV;8.121749;48.714671
de:08216:34808;Gaggenau;Sommerhalde;8.335710;48.799127
de:08216:34809;Bühl;Bühlertalstr/Kappelwindeckstr;8.141027;48.693827
de:08216:34810;Bühl;Bühlertalstr/Hauptstr;8.136536;48.694141
de:08216:34817;Gaggenau;Heil;8.328586;48.807559
de:08216:34818;Riegel;Bühlsbergweg;8.153208;48.677203
de:08216:34825;Kappelwindeck;Öhinghaltweg;8.151969;48.691621
de:08216:34832;Winden;Jagdhausstraße;8.182206;48.769171
de:08216:34833;Hügelsheim;Bruchweg;8.109586;48.793405
de:08216:34836;Söllingen;Schule;8.058077;48.778265
de:08216:34837;Leiberstung;Grundschule;8.100989;48.751501
de:08216:34839;Leiberstung;Baggersee;8.113584;48.759159
de:08216:34840;Lichtenau;Schule;8.008930;48.725090
de:08216:34841;Scherzheim;Schule;8.001070;48.712229
de:08216:34846;Oberweier;Kapellenstraße;8.112676;48.698274
de:08216:34847;Muckenschopf;Abzw. Eichwaldstraße;7.990802;48.696940
de:08216:34850;Bühl;Henri-Dunant-Platz;8.127804;48.702015
de:08216:34851;Eisental;Grundschule;8.161796;48.713094
de:08216:34855;Bühl;Erlenstraße;8.130661;48.704078
de:08216:34858;Bühl;Untere Strut;8.134443;48.710895
de:08216:34859;Ottersdorf;Lindenallee;8.159443;48.862626
de:08216:34864;Oberbruch;Böschstraße;8.091844;48.728675
de:08216:34873;Ottersdorf;Im Streibelgrund;8.162165;48.862177
de:08216:34908;Bad Rotenfels;Ludwig-Erhard-Straße;8.316953;48.810138
de:08216:35109;Durmersheim;Durmersheim Nord;8.280536;48.937759
de:08216:35111;Sinzheim;Sinzheim Nord;8.169621;48.770610
de:08216:35112;Sinzheim;Sinzheim;8.158607;48.760029
de:08216:35126;Sinzheim;Kindergarten Vormberg;8.178065;48.755291
de:08216:35825;Leiberstung;Kindergarten;8.097773;48.752407
de:08216:37233;Balzhofen;Hauptfeld;8.095492;48.712336
de:08216:37234;Ulm;Zinken;8.020078;48.725493
de:08216:37235;Grauelsbaum;Birkenweiher;7.980085;48.735323
de:08216:39004;Iffezheim;Oktorfeld;8.131119;48.828173
de:08216:3996;Muggensturm;Feuerwehr;8.281146;48.872412
de:08216:3997;Muggensturm;Rathaus;8.278272;48.867696
de:08216:3998;Muggensturm;Karlsruher Str.;8.289177;48.874031
de:08216:3999;Muggensturm;Rastatter Str.;8.276125;48.869434
de:08216:4000;Muggensturm;Freibad;8.290381;48.876335
de:08216:4001;Muggensturm;Bachstraße;8.280437;48.876459
de:08216:4010;Muggensturm;Haus Margaretha;8.283338;48.871094
de:08216:6411;Au am Rhein;Diehl;8.241297;48.954208
de:08216:6412;Au am Rhein;Ortsmitte;8.239087;48.950751
de:08216:6413;Au am Rhein;Elchesheimer Str.;8.232952;48.949536
de:08216:6414;Würmersheim;Auer Straße;8.252724;48.938715
de:08216:6415;Elchesheim-Illingen;Illingen Speyerer Straße;8.215012;48.934407
de:08216:6416;Elchesheim-Illingen;Illingen Durmersheimer Str.;8.209775;48.934997
de:08216:6417;Elchesheim-Illingen;Illingen Heimatmuseum;8.208230;48.932625
de:08216:6418;Elchesheim-Illingen;Elchesheim Grüner Baum;8.210072;48.928494
de:08216:6419;Au am Rhein;Würmersheimer Str.;8.239968;48.949831
de:08216:6420;Elchesheim-Illingen;Illingen Gemeindezentrum;8.209308;48.930058
de:08216:8119;Freiolsheim;Rathaus;8.373933;48.846177
de:08216:8120;Freiolsheim;Post;8.375991;48.844403
de:08216:8121;Freiolsheim;Waldparkplatz;8.380482;48.840803
de:08225:2788;Haßmersheim;Ort;9.147518;49.301305
de:08225:32;Neckarzimmern;Rathaus;9.134375;49.317868
de:08225:6343;Mosbach;Westbahnhof;9.134097;49.346763
de:08225:8209;Mosbach;Bahnhof;9.143556;49.352264
de:08225:8222;Haßmersheim;Bahnhof;9.153994;49.303935
de:08225:8223;Neckarzimmern;Bahnhof;9.137394;49.316650
de:08225:9180;Neckarelz;Bahnhof;9.112573;49.348689
de:08226:3550;Sinsheim;Hauptbahnhof;8.875068;49.250369
de:08226:3558;Sinsheim;Museum/Arena;8.899313;49.241643
de:08226:3561;Steinsfurt;Bahnhof;8.907784;49.236024
de:08226:37;Altlußheim;Raiffeisenbank;8.497649;49.302517
de:08226:38;Altlußheim;Rebstöckl;8.497820;49.302066
de:08231:11;Pforzheim;ZOB;8.705214;48.893660
de:08231:208;Brötzingen;Bahnhof (Bus);8.665850;48.888912
de:08231:3991;Brötzingen;Mitte;8.667117;48.889496
de:08231:3993;Pforzheim;Maihälden;8.678238;48.893371
de:08231:3994;Brötzingen;Sandweg;8.662616;48.885899
de:08231:3995;Brötzingen;Wohnlichstraße;8.653902;48.882000
de:08231:50;Pforzheim;Hauptbahnhof;8.703247;48.893979
de:08235:402;Bad Wildbad;Uhlandplatz Sommerbergbahn;8.549419;48.750826
de:08235:420;Calmbach;Bahnhof;8.571302;48.776601
de:08235:422;Höfen;Nord;8.581839;48.807742
de:08235:423;Calmbach;Süd;8.566505;48.773446
de:08235:424;Bad Wildbad;Wildbad, Nord;8.555186;48.764068
de:08235:8220;Calmbach;Lindenplatz;8.582352;48.773843
de:08235:8940;Höfen;Bahnhof;8.581094;48.798577
de:08235:8941;Höfen;Sägmühleweg;8.584058;48.807464
de:08235:8960;Bad Wildbad;Bahnhof Bad Wildbad;8.551063;48.755522
de:08235:8961;Bad Wildbad;Kurpark;8.550497;48.748652
de:08235:9070;Hochdorf;Bahnhof;8.724061;48.482492
de:08235:9105;Bernbach;Südhangstraße (Ersatz);8.415975;48.822690
de:08235:9500;Höfen;Hindenburgstr.;8.583915;48.806446
de:08235:9502;Dobel;Dreimarkstein;8.527689;48.806742
de:08235:9503;Dobel;Gesundheitszentrum;8.502509;48.800281
de:08235:9504;Dobel;Ortsmitte;8.494838;48.797512
de:08235:9505;Dobel;Birkengrund;8.490301;48.799352
de:08235:9550;Neusatz;Calwer Straße;8.483968;48.813061
de:08235:9552;Neusatz;Kirche;8.481183;48.816527
de:08235:9553;Rotensol;Viertelstraße;8.468113;48.819987
de:08235:9554;Rotensol;Lamm;8.462229;48.818798
de:08235:9555;Rotensol;Schwarzwaldstraße;8.461034;48.815811
de:08235:9556;Bad Herrenalb;Bleiche;8.445044;48.805890
de:08235:9557;Bad Herrenalb;Post;8.440921;48.801222
de:08235:9558;Bad Herrenalb;Bad Herrenalb;8.439070;48.802447
de:08235:9559;Bad Herrenalb;Falkensteinschule;8.450425;48.805583
de:08235:9575;Dobel;Schule;8.493957;48.797417
de:08235:9625;Calmbach;Parkanlage;8.574895;48.775281
de:08235:9635;Höfen;Rathaus;8.582989;48.801867
de:08235:9670;Calmbach;Taubenäckersiedlung;8.565005;48.772250
de:08235:9695;Bad Wildbad;Schwarzer Weg;8.552132;48.760343
de:08235:9700;Calmbach;Birkenhof/Bhf.;8.570512;48.775305
de:08235:9703;Bad Herrenalb;Bad Herrenalb Steinhäusle;8.445062;48.820117
de:08235:9711;Bad Herrenalb;Kullenmühle;8.444020;48.808943
de:08235:9720;Bernbach;Rathaus;8.415894;48.823778
de:08235:9721;Bernbach;Althof;8.394074;48.831786
de:08235:9739;Bernbach;Talblickstraße;8.420251;48.820567
de:08235:9742;Bad Herrenalb;Sägwasenplatz;8.438819;48.795198
de:08235:9745;Bad Herrenalb;Hotel Post;8.436789;48.797761
de:08235:9746;Bad Herrenalb;Gernsbacher Straße;8.432818;48.794802
de:08235:9748;Bad Herrenalb;Rathausplatz;8.435145;48.796849
de:08235:9749;Bad Herrenalb;Kurhaus;8.437193;48.799056
de:08235:9758;Gaistal;Oberes Gaistal;8.445089;48.769598
de:08235:9759;Gaistal;Talwiese;8.443697;48.767194
de:08235:9761;Gaistal;Hirschwinkelbrunnen;8.442313;48.777720
de:08235:9762;Gaistal;Wiesengrund;8.445978;48.784084
de:08235:9763;Gaistal;Unteres Gaistal Schule;8.447622;48.781574
de:08235:9764;Gaistal;Abzw. Unteres Gaistal;8.443867;48.787073
de:08235:9765;Bad Herrenalb;Rotenbächle;8.442107;48.791334
de:08235:9766;Gaistal;Hirschwinkelhütte;8.440130;48.777744
de:08235:9767;Gaistal;Spechtschmiede;8.436869;48.768941
de:08235:9768;Gaistal;Zieflensberg;8.436555;48.767235
de:08235:9769;Gaistal;Bernbacher Weg;8.433043;48.762931
de:08235:9772;Bad Herrenalb;Freibad;8.426422;48.792813
de:08236:1090;Birkenfeld;Bahnhof;8.645216;48.873706
de:08236:1409;Neuenbürg;Schloßbergschule;8.588846;48.847885
de:08236:1413;Neuenbürg;Bahnhofstraße;8.597452;48.849138
de:08236:1490;Neuenbürg;Bahnhof;8.600956;48.849156
de:08236:1491;Neuenbürg;Süd;8.598952;48.844557
de:08236:1492;Neuenbürg;Freibad;8.590409;48.836936
de:08236:1493;Neuenbürg;Eyachbrücke;8.577896;48.817213
de:08236:1494;Rotenbach;Bahnhof;8.578875;48.830189
de:08236:1700;Königsbach;Bahnhof (Bus);8.611178;48.962147
de:08236:1716;Ispringen;Kämpfelbachquelle;8.664251;48.918070
de:08236:1717;Ispringen;Bahnhof;8.672264;48.914398
de:08236:1791;Ersingen;Bahnhof;8.639062;48.930471
de:08236:1792;Bilfingen;Bahnhof;8.620458;48.948722
de:08236:1793;Königsbach;Bahnhof;8.608834;48.962601
de:08236:1794;Remchingen;Wilferdingen-Singen Bahnhof;8.572731;48.953748
de:08236:1795;Ersingen;West;8.633780;48.931457
de:08236:1796;Ersingen;Untere Eisinger Str.;8.638011;48.933079
de:08236:1797;Ersingen;Tankstelle;8.645072;48.930005
de:08236:2300;Knittlingen;ZOB / Schule;8.758897;49.025946
de:08236:2301;Knittlingen;Nord;8.753930;49.027860
de:08236:5660;Neuenbürg;Eyachbrücke (Bus);8.577033;48.816284
de:08237:1002;Freudenstadt;Stadtbahnhof;8.411016;48.467604
de:08237:1048;Freudenstadt;Industriegebiet/Schmid;8.435118;48.464608
de:08237:1050;Freudenstadt;Hauptbahnhof;8.429054;48.460462
de:08237:1201;Baiersbronn;Bahnhof;8.372101;48.503513
de:08237:1202;Baiersbronn;Schule;8.375847;48.510607
de:08237:1221;Friedrichstal;Bahnhof;8.376853;48.481557
de:08237:1401;Klosterreichenbach;Rathaus;8.398430;48.524715
de:08237:1402;Klosterreichenbach;Kirche;8.400541;48.525727
de:08237:1403;Heselbach;Bahnhof Hesselbach;8.399095;48.536655
de:08237:1411;Röt;Auto Schleeh;8.399122;48.557201
de:08237:1421;Huzenbach;Bahnhof;8.391262;48.582547
de:08237:1431;Schwarzenberg;Bahnhof;8.383743;48.598798
de:08237:1502;Schönmünzach;Bahnhof;8.369747;48.604810
de:08237:17903;Huzenbach;Kurhaus;8.387929;48.588062
de:08237:1913;Grüntal;Grüntal-Wittlensweiler;8.460432;48.475358
de:08237:2401;Ruhestein;Ruhestein;8.222145;48.561179
de:08237:32983;Freudenstadt;Schulzentrum/Panoramabad (Bahn);8.421373;48.467425
de:08237:4001;Dornstetten;Bahnhof;8.503111;48.469659
de:08237:4322;Bittelbronn;Bahnhof;8.588658;48.444435
de:08237:5022;Horb a Neckar;Heiligenfeld;8.660208;48.467747
de:08237:7965;Eutingen im Gäu;Bahnhof;8.782370;48.479759
de:08237:8006;Eutingen im Gäu;Nord;8.753472;48.484737
de:08237:8009;Dornstetten;Aach;8.482549;48.473351
de:08237:9600;Klosterreichenbach;Bahnhof;8.399122;48.526506
de:08237:9601;Röt;Röt Bahnhof;8.397254;48.555578
de:08237:9604;Schopfloch;Bahnhof;8.547272;48.453920
de:08317:13730;Seebach;Seibelseckle;8.217555;48.595323
de:08317:14015;Stadelhofen;Brücke;8.034577;48.558926
de:08317:14016;Stadelhofen;Königsgasse;8.039823;48.561393
de:08317:14017;Tiergarten;Gemeindehalle;8.064679;48.558367
de:08317:14018;Tiergarten;Rebstock;8.064760;48.556066
de:08317:14019;Tiergarten;Spring;8.071030;48.552016
de:08317:14020;Oberkirch;Bahnhof;8.076717;48.529243
de:08317:14022;Oberkirch;Blumenau;8.072126;48.538838
de:08317:14023;Oberkirch;Renchener Straße;8.077139;48.533431
de:08317:14024;Oberkirch;Stadthalle;8.072135;48.533520
de:08317:14027;Oberkirch;Hans-Furler-Gymnasium;8.070716;48.528416
de:08317:14028;Oberkirch;Ölmühle;8.064365;48.536417
de:08317:14030;Maisenbühl;Abzweig;8.042419;48.536381
de:08317:14031;Oberkirch;Raiffeisenstraße;8.068093;48.532854
de:08317:14042;Nußbach;Kirche;8.020716;48.535429
de:08317:14050;Zusenhofen;Bahnhof;8.018344;48.544797
de:08317:14051;Zusenhofen;Rathaus;8.017374;48.547420
de:08317:15504;Rheinbischofsheim;Gymnasium;7.929851;48.654581
de:08317:15603;Freistett;Seniorenzentrum;7.939185;48.663737
de:08317:18517;Haslach b Oberkirch;Rathaus;8.060044;48.565745
de:08317:18518;Haslach b Oberkirch;KiGa Maria Goretti;8.061940;48.561880
de:08317:2817;Sasbachwalden;Markwaldhütte;8.192483;48.606954
de:08317:30028;Sasbach;Ochsen;8.092455;48.640527
de:08317:30029;Sasbachried;Abzweig Sasbachried;8.098178;48.654872
de:08317:30032;Achern;Gymnasium;8.081478;48.635831
de:08317:30056;Lauf;Niederhofen;8.127301;48.652759
de:08317:30057;Lauf;Neue Schule;8.130481;48.650498
de:08317:30058;Lauf;Rebstock;8.130768;48.649988
de:08317:30059;Lauf;Rathausplatz;8.128846;48.648184
de:08317:30084;Lauf;Abzweig Aubach;8.119072;48.642290
de:08317:30085;Lauf;Friedhof;8.124597;48.645774
de:08317:33013;Achern;Bahnhof;8.065380;48.633908
de:08317:34697;Helmlingen;Ratz;7.980795;48.699270
de:08317:34698;Helmlingen;Molkerei;7.969530;48.708678
de:08317:34699;Memprechtshofen;B36;7.977830;48.684629
de:08317:34700;Freistett;Busbahnhof;7.941978;48.666923
de:08317:37236;Helmlingen;Dorfstraße;7.971794;48.704523
de:08317:40000;Oberkirch;Friedhof;8.079870;48.524888
de:08317:40001;Oberkirch;Realschule;8.074732;48.534864
de:08317:40004;Oberkirch;KiGa Sr. Giovanna;8.077094;48.537725
de:08317:40010;Oberkirch;Bottenau Maisenbühl;8.044566;48.530724
de:08317:40011;Oberkirch;Bottenau St. Wendel;8.045976;48.526863
de:08317:40012;Oberkirch;Bottenau Rathaus;8.049363;48.519866
de:08317:40013;Oberkirch;Bottenau Schlatten;8.055418;48.524472
de:08317:40020;Hesselbach;Hesselbach Haus Braun;8.073591;48.509840
de:08317:40021;Hesselbach;Hesselbach Haus Walz;8.072135;48.508512
de:08317:40022;Hesselbach;Hesselbach Grünberg;8.064940;48.498424
de:08317:40023;Hesselbach;Hesselbach Kapelle;8.077166;48.511899
de:08317:40024;Hesselbach;Hesselbach-Albersbach;8.083481;48.519569
de:08317:40025;Hesselbach;Brücke;8.083652;48.520539
de:08317:40030;Oberkirch;Ödsbach Alm;8.089940;48.504525
de:08317:40032;Oberkirch;Ödsbach Heuberg;8.091332;48.513690
de:08317:40033;Oberkirch;Ödsbach Obere Alm;8.090757;48.508834
de:08317:40035;Oberkirch;Ödsbach Schule;8.087748;48.500483
de:08317:40040;Oberkirch;Ringelbach Rathaus;8.087973;48.557481
de:08317:40060;Oberkirch;Niederlehen Schwarzwaldtanne;8.081136;48.548139
de:08317:40061;Oberkirch;Niederlehen Schwender Straße;8.085727;48.554002
de:08317:40062;Oberkirch;Niederlehen Haus Hildebrand;8.085350;48.553259
de:08317:40063;Oberkirch;Ödsbach Vordere Alm;8.089554;48.517998
de:08317:41501;Sasbach;Heimschule Lender;8.089590;48.636360
de:08317:41801;Seebach;Mummelsee;8.200657;48.595935
de:08317:42131;Sasbachwalden;Kaltenbrunnen;8.193192;48.618791
de:08416:2052;Ergenzingen;Bahnhof;8.809949;48.489595
fr:24067:10331;Roeschwoog;Sud;8.032008;48.823944
fr:24067:1342;Soufflenheim;Centre de secours;7.960978;48.832513
fr:24067:1811;Beinheim;Route du Rhin;8.084847;48.858643
fr:24067:1899;Roppenheim;Village de Marques;8.084882;48.838456
fr:24067:3166;Seltz;Le Seltzbach;8.106586;48.895243
fr:24067:326;Kesseldorf;Centre;8.068839;48.875596
fr:24067:327;Beinheim;Mairie;8.084281;48.863046
fr:24067:328;Roppenheim;Centre;8.055265;48.843375
fr:24067:334;Roeschwoog;Gare SNCF;8.029591;48.833554
fr:24067:335;Roeschwoog;Centre;8.035367;48.827155
fr:24067:337;Rountzenheim;Gare SNCF;8.011355;48.820307
fr:24067:341;Soufflenheim;Hall du Marché;7.965667;48.829420
fr:24067:380;Seltz;Gare SNCF;8.098465;48.896702
de:09176:7897;Rebdorf;Kilian-Leib-Str. 121/137;11.164640;48.883259
